timestamp,message,severityLevel,itemType,customDimensions,customMeasurements,operation_Name,operation_Id,operation_ParentId,operation_SyntheticSource,session_Id,user_Id,user_AuthenticatedId,user_AccountId,application_Version,client_Type,client_Model,client_OS,client_IP,client_City,client_StateOrProvince,client_CountryOrRegion,client_Browser,cloud_RoleName,cloud_RoleInstance,appId,appName,iKey,sdkVersion,itemId,itemCount
2019-07-22T15:00:15.5151333Z,"EventName: NodeOpenSucceeded Category: StateTransition EventInstanceId 2e8d1847-1227-43c0-8d0d-318ba1c8a733 NodeName _v4fjuhiyd_1 Node has successfully opened with upgrade domain: 1, fault domain: fd:/1, address: 10.0.0.5, hostname: v4fjuhiyd000001, isSeedNode: true, versionInstance: 6.5.641.9590:1, id: c0dc7678ee7fb9585726f3de66cc5dbc, dca instance: 132082811351259386",1,trace,"{""EventId"":""25621"",""DeploymentName"":""68d24dec-0da7-42fe-84da-56ff36146b07"",""ProviderGuid"":""cbd93bc2-71e5-4566-b3a7-595d8eeca6e8"",""Tid"":""2616"",""Pid"":""3888"",""OpcodeName"":""Info"",""nodeId"":""c0dc7678ee7fb9585726f3de66cc5dbc"",""upgradeDomain"":""1"",""KeywordName"":""Default"",""nodeVersion"":""6.5.641.9590:1"",""ipAddressOrFQDN"":""10.0.0.5"",""ProviderName"":""Microsoft-ServiceFabric"",""nodeInstance"":""132082811351259386"",""eventInstanceId"":""2e8d1847-1227-43c0-8d0d-318ba1c8a733"",""nodeName"":""_v4fjuhiyd_1"",""ActivityId"":""00000000-0000-0000-0000-000000000000"",""eventName"":""NodeOpenSucceeded"",""faultDomain"":""fd:/1"",""hostname"":""v4fjuhiyd000001"",""isSeedNode"":""true"",""TaskName"":""FabricNode"",""category"":""StateTransition""}",null,,,,AzureDiag_ETW,,,,,,PC,,,0.0.0.0,Washington,Virginia,United States,,IaaS,_v4fjuhiyd_1,2a946134-6ff9-4363-aa78-86b888c6c92e,acesimappinsights,ceb6d2cc-c6f9-4b13-a624-e062644a0a98,WAD2AI: 42.5.7.0,89a09a30-ac91-11e9-a809-7bc4127206a9,1
2019-07-22T15:01:45.9875282Z,"EventName: NodeOpenSucceeded Category: StateTransition EventInstanceId 5cb1ab38-ef69-4fb5-9b95-eeb408719c51 NodeName _v4fjuhiyd_0 Node has successfully opened with upgrade domain: 0, fault domain: fd:/0, address: 10.0.0.4, hostname: v4fjuhiyd000000, isSeedNode: true, versionInstance: 6.5.641.9590:1, id: dcea7dab488c96681abf9531d1fbfcc7, dca instance: 132082812708170062",1,trace,"{""EventId"":""25621"",""DeploymentName"":""68d24dec-0da7-42fe-84da-56ff36146b07"",""ProviderGuid"":""cbd93bc2-71e5-4566-b3a7-595d8eeca6e8"",""ProviderName"":""Microsoft-ServiceFabric"",""Pid"":""3152"",""Tid"":""2640"",""nodeId"":""dcea7dab488c96681abf9531d1fbfcc7"",""nodeVersion"":""6.5.641.9590:1"",""upgradeDomain"":""0"",""ipAddressOrFQDN"":""10.0.0.4"",""eventInstanceId"":""5cb1ab38-ef69-4fb5-9b95-eeb408719c51"",""ActivityId"":""00000000-0000-0000-0000-000000000000"",""hostname"":""v4fjuhiyd000000"",""faultDomain"":""fd:/0"",""eventName"":""NodeOpenSucceeded"",""isSeedNode"":""true"",""KeywordName"":""Default"",""nodeInstance"":""132082812708170062"",""nodeName"":""_v4fjuhiyd_0"",""TaskName"":""FabricNode"",""category"":""StateTransition"",""OpcodeName"":""Info""}",null,,,,AzureDiag_ETW,,,,,,PC,,,0.0.0.0,Washington,Virginia,United States,,IaaS,_v4fjuhiyd_0,2a946134-6ff9-4363-aa78-86b888c6c92e,acesimappinsights,ceb6d2cc-c6f9-4b13-a624-e062644a0a98,WAD2AI: 42.5.7.0,c2d9f490-ac91-11e9-88d6-7f4be6f94651,1
2019-07-22T15:04:52.6188869Z,"EventName: NodeOpenSucceeded Category: StateTransition EventInstanceId 5059fe0b-3158-476c-8b60-ea8302838413 NodeName _v4fjuhiyd_2 Node has successfully opened with upgrade domain: 2, fault domain: fd:/2, address: 10.0.0.6, hostname: v4fjuhiyd000002, isSeedNode: true, versionInstance: 6.5.641.9590:1, id: a4ce6f8d1ebe73d7fa5dfe213c4926ce, dca instance: 132082814621936089",1,trace,"{""EventId"":""25621"",""DeploymentName"":""68d24dec-0da7-42fe-84da-56ff36146b07"",""eventInstanceId"":""5059fe0b-3158-476c-8b60-ea8302838413"",""ProviderGuid"":""cbd93bc2-71e5-4566-b3a7-595d8eeca6e8"",""ProviderName"":""Microsoft-ServiceFabric"",""KeywordName"":""Default"",""ActivityId"":""00000000-0000-0000-0000-000000000000"",""OpcodeName"":""Info"",""eventName"":""NodeOpenSucceeded"",""TaskName"":""FabricNode"",""category"":""StateTransition"",""Tid"":""2956"",""Pid"":""3276"",""nodeName"":""_v4fjuhiyd_2"",""faultDomain"":""fd:/2"",""hostname"":""v4fjuhiyd000002"",""upgradeDomain"":""2"",""nodeId"":""a4ce6f8d1ebe73d7fa5dfe213c4926ce"",""nodeVersion"":""6.5.641.9590:1"",""nodeInstance"":""132082814621936089"",""ipAddressOrFQDN"":""10.0.0.6"",""isSeedNode"":""true""}",null,,,,AzureDiag_ETW,,,,,,PC,,,0.0.0.0,Washington,Virginia,United States,,IaaS,_v4fjuhiyd_2,2a946134-6ff9-4363-aa78-86b888c6c92e,acesimappinsights,ceb6d2cc-c6f9-4b13-a624-e062644a0a98,WAD2AI: 42.5.7.0,2e65b190-ac92-11e9-a269-459b9685cea5,1
2019-07-22T15:06:06.7236896Z,EventName: BuildIdleReplicaStarted Category: LifeCycle EventInstanceId 5ec2bac9-2cc9-40fd-9cb8-01bcd1c250df PartitionId 00000000-0000-0000-0000-000000001001 ReplicaId 132082815642736109 TargetReplicaId: 132082815658141868,1,trace,"{""EventId"":""16831"",""DeploymentName"":""68d24dec-0da7-42fe-84da-56ff36146b07"",""eventInstanceId"":""5ec2bac9-2cc9-40fd-9cb8-01bcd1c250df"",""ProviderGuid"":""cbd93bc2-71e5-4566-b3a7-595d8eeca6e8"",""ProviderName"":""Microsoft-ServiceFabric"",""KeywordName"":""Default"",""partitionId"":""00000000-0000-0000-0000-000000001001"",""ActivityId"":""00000000-0000-0000-0000-000000000000"",""OpcodeName"":""Info"",""eventName"":""BuildIdleReplicaStarted"",""TaskName"":""RE"",""category"":""LifeCycle"",""replicaId"":""132082815642736109"",""targetReplicaId"":""132082815658141868"",""Tid"":""4268"",""Pid"":""3152""}",null,,,,AzureDiag_ETW,,,,,,PC,,,0.0.0.0,Washington,Virginia,United States,,IaaS,_v4fjuhiyd_0,2a946134-6ff9-4363-aa78-86b888c6c92e,acesimappinsights,ceb6d2cc-c6f9-4b13-a624-e062644a0a98,WAD2AI: 42.5.7.0,59ca65b0-ac92-11e9-a125-21e8545acd4f,1
2019-07-22T15:06:06.9071483Z,EventName: BuildIdleReplicaCompleted Category: LifeCycle EventInstanceId 60e8e75b-15cd-4de7-8216-e2d06c1bc267 PartitionId 00000000-0000-0000-0000-000000001001 ReplicaId 132082815642736109 TargetReplicaId: 132082815658141868,1,trace,"{""EventId"":""16832"",""DeploymentName"":""68d24dec-0da7-42fe-84da-56ff36146b07"",""eventInstanceId"":""60e8e75b-15cd-4de7-8216-e2d06c1bc267"",""ProviderGuid"":""cbd93bc2-71e5-4566-b3a7-595d8eeca6e8"",""ProviderName"":""Microsoft-ServiceFabric"",""KeywordName"":""Default"",""partitionId"":""00000000-0000-0000-0000-000000001001"",""ActivityId"":""00000000-0000-0000-0000-000000000000"",""OpcodeName"":""Info"",""eventName"":""BuildIdleReplicaCompleted"",""TaskName"":""RE"",""category"":""LifeCycle"",""replicaId"":""132082815642736109"",""targetReplicaId"":""132082815658141868"",""Tid"":""4108"",""Pid"":""3152""}",null,,,,AzureDiag_ETW,,,,,,PC,,,0.0.0.0,Washington,Virginia,United States,,IaaS,_v4fjuhiyd_0,2a946134-6ff9-4363-aa78-86b888c6c92e,acesimappinsights,ceb6d2cc-c6f9-4b13-a624-e062644a0a98,WAD2AI: 42.5.7.0,59ca65b1-ac92-11e9-a125-21e8545acd4f,1
2019-07-22T15:06:07.1695317Z,EventName: BuildIdleReplicaStarted Category: LifeCycle EventInstanceId 01e43f4e-d3ec-42af-957a-f6e9cccdb99e PartitionId 00000000-0000-0000-0000-000000001000 ReplicaId 132082815642736109 TargetReplicaId: 132082815657985902,1,trace,"{""EventId"":""16831"",""DeploymentName"":""68d24dec-0da7-42fe-84da-56ff36146b07"",""eventInstanceId"":""01e43f4e-d3ec-42af-957a-f6e9cccdb99e"",""ProviderGuid"":""cbd93bc2-71e5-4566-b3a7-595d8eeca6e8"",""ProviderName"":""Microsoft-ServiceFabric"",""KeywordName"":""Default"",""partitionId"":""00000000-0000-0000-0000-000000001000"",""ActivityId"":""00000000-0000-0000-0000-000000000000"",""OpcodeName"":""Info"",""eventName"":""BuildIdleReplicaStarted"",""TaskName"":""RE"",""category"":""LifeCycle"",""replicaId"":""132082815642736109"",""targetReplicaId"":""132082815657985902"",""Tid"":""2928"",""Pid"":""3888""}",null,,,,AzureDiag_ETW,,,,,,PC,,,0.0.0.0,Washington,Virginia,United States,,IaaS,_v4fjuhiyd_1,2a946134-6ff9-4363-aa78-86b888c6c92e,acesimappinsights,ceb6d2cc-c6f9-4b13-a624-e062644a0a98,WAD2AI: 42.5.7.0,5a10e490-ac92-11e9-b036-8d90b2ac8258,1
2019-07-22T15:06:07.4049699Z,EventName: BuildIdleReplicaCompleted Category: LifeCycle EventInstanceId bd66f8ed-b98d-4164-a769-c43d72ec01df PartitionId 00000000-0000-0000-0000-000000001000 ReplicaId 132082815642736109 TargetReplicaId: 132082815657985902,1,trace,"{""EventId"":""16832"",""DeploymentName"":""68d24dec-0da7-42fe-84da-56ff36146b07"",""eventInstanceId"":""bd66f8ed-b98d-4164-a769-c43d72ec01df"",""ProviderGuid"":""cbd93bc2-71e5-4566-b3a7-595d8eeca6e8"",""ProviderName"":""Microsoft-ServiceFabric"",""KeywordName"":""Default"",""partitionId"":""00000000-0000-0000-0000-000000001000"",""ActivityId"":""00000000-0000-0000-0000-000000000000"",""OpcodeName"":""Info"",""eventName"":""BuildIdleReplicaCompleted"",""TaskName"":""RE"",""category"":""LifeCycle"",""replicaId"":""132082815642736109"",""targetReplicaId"":""132082815657985902"",""Tid"":""2148"",""Pid"":""3888""}",null,,,,AzureDiag_ETW,,,,,,PC,,,0.0.0.0,Washington,Virginia,United States,,IaaS,_v4fjuhiyd_1,2a946134-6ff9-4363-aa78-86b888c6c92e,acesimappinsights,ceb6d2cc-c6f9-4b13-a624-e062644a0a98,WAD2AI: 42.5.7.0,5a10e491-ac92-11e9-b036-8d90b2ac8258,1
2019-07-22T15:06:08.0657664Z,EventName: BuildIdleReplicaStarted Category: LifeCycle EventInstanceId ccedc1b5-b404-4f1b-a28a-f563788e5ab2 PartitionId 00000000-0000-0000-0000-000000002000 ReplicaId 132082815645730675 TargetReplicaId: 132082815670832031,1,trace,"{""EventId"":""16831"",""DeploymentName"":""68d24dec-0da7-42fe-84da-56ff36146b07"",""eventInstanceId"":""ccedc1b5-b404-4f1b-a28a-f563788e5ab2"",""ProviderGuid"":""cbd93bc2-71e5-4566-b3a7-595d8eeca6e8"",""ProviderName"":""Microsoft-ServiceFabric"",""KeywordName"":""Default"",""partitionId"":""00000000-0000-0000-0000-000000002000"",""ActivityId"":""00000000-0000-0000-0000-000000000000"",""OpcodeName"":""Info"",""eventName"":""BuildIdleReplicaStarted"",""TaskName"":""RE"",""category"":""LifeCycle"",""replicaId"":""132082815645730675"",""targetReplicaId"":""132082815670832031"",""Tid"":""2928"",""Pid"":""3888""}",null,,,,AzureDiag_ETW,,,,,,PC,,,0.0.0.0,Washington,Virginia,United States,,IaaS,_v4fjuhiyd_1,2a946134-6ff9-4363-aa78-86b888c6c92e,acesimappinsights,ceb6d2cc-c6f9-4b13-a624-e062644a0a98,WAD2AI: 42.5.7.0,5a10e492-ac92-11e9-b036-8d90b2ac8258,1
2019-07-22T15:06:08.3014077Z,EventName: BuildIdleReplicaCompleted Category: LifeCycle EventInstanceId 9af761b1-340e-48a0-8edf-8e84e0f92534 PartitionId 00000000-0000-0000-0000-000000002000 ReplicaId 132082815645730675 TargetReplicaId: 132082815670832031,1,trace,"{""EventId"":""16832"",""DeploymentName"":""68d24dec-0da7-42fe-84da-56ff36146b07"",""eventInstanceId"":""9af761b1-340e-48a0-8edf-8e84e0f92534"",""ProviderGuid"":""cbd93bc2-71e5-4566-b3a7-595d8eeca6e8"",""ProviderName"":""Microsoft-ServiceFabric"",""KeywordName"":""Default"",""partitionId"":""00000000-0000-0000-0000-000000002000"",""ActivityId"":""00000000-0000-0000-0000-000000000000"",""OpcodeName"":""Info"",""eventName"":""BuildIdleReplicaCompleted"",""TaskName"":""RE"",""category"":""LifeCycle"",""replicaId"":""132082815645730675"",""targetReplicaId"":""132082815670832031"",""Tid"":""2616"",""Pid"":""3888""}",null,,,,AzureDiag_ETW,,,,,,PC,,,0.0.0.0,Washington,Virginia,United States,,IaaS,_v4fjuhiyd_1,2a946134-6ff9-4363-aa78-86b888c6c92e,acesimappinsights,ceb6d2cc-c6f9-4b13-a624-e062644a0a98,WAD2AI: 42.5.7.0,5a10e493-ac92-11e9-b036-8d90b2ac8258,1
2019-07-22T15:06:16.3730965Z,EventName: BuildIdleReplicaStarted Category: LifeCycle EventInstanceId 95de7f23-906e-4be2-921c-90a257d5afc5 PartitionId 00000000-0000-0000-0000-000000004000 ReplicaId 132082815645730675 TargetReplicaId: 132082815713918227,1,trace,"{""EventId"":""16831"",""DeploymentName"":""68d24dec-0da7-42fe-84da-56ff36146b07"",""eventInstanceId"":""95de7f23-906e-4be2-921c-90a257d5afc5"",""ProviderGuid"":""cbd93bc2-71e5-4566-b3a7-595d8eeca6e8"",""ProviderName"":""Microsoft-ServiceFabric"",""KeywordName"":""Default"",""partitionId"":""00000000-0000-0000-0000-000000004000"",""ActivityId"":""00000000-0000-0000-0000-000000000000"",""OpcodeName"":""Info"",""eventName"":""BuildIdleReplicaStarted"",""TaskName"":""RE"",""category"":""LifeCycle"",""replicaId"":""132082815645730675"",""targetReplicaId"":""132082815713918227"",""Tid"":""2960"",""Pid"":""3100""}",null,,,,AzureDiag_ETW,,,,,,PC,,,0.0.0.0,Washington,Virginia,United States,,IaaS,_v4fjuhiyd_1,2a946134-6ff9-4363-aa78-86b888c6c92e,acesimappinsights,ceb6d2cc-c6f9-4b13-a624-e062644a0a98,WAD2AI: 42.5.7.0,5a10e494-ac92-11e9-b036-8d90b2ac8258,1
2019-07-22T15:06:17.1011031Z,EventName: BuildIdleReplicaCompleted Category: LifeCycle EventInstanceId 3f8e5983-730a-470d-927f-16ef7ebf5412 PartitionId 00000000-0000-0000-0000-000000004000 ReplicaId 132082815645730675 TargetReplicaId: 132082815713918227,1,trace,"{""EventId"":""16832"",""DeploymentName"":""68d24dec-0da7-42fe-84da-56ff36146b07"",""eventInstanceId"":""3f8e5983-730a-470d-927f-16ef7ebf5412"",""ProviderGuid"":""cbd93bc2-71e5-4566-b3a7-595d8eeca6e8"",""ProviderName"":""Microsoft-ServiceFabric"",""KeywordName"":""Default"",""partitionId"":""00000000-0000-0000-0000-000000004000"",""ActivityId"":""00000000-0000-0000-0000-000000000000"",""OpcodeName"":""Info"",""eventName"":""BuildIdleReplicaCompleted"",""TaskName"":""RE"",""category"":""LifeCycle"",""replicaId"":""132082815645730675"",""targetReplicaId"":""132082815713918227"",""Tid"":""2960"",""Pid"":""3100""}",null,,,,AzureDiag_ETW,,,,,,PC,,,0.0.0.0,Washington,Virginia,United States,,IaaS,_v4fjuhiyd_1,2a946134-6ff9-4363-aa78-86b888c6c92e,acesimappinsights,ceb6d2cc-c6f9-4b13-a624-e062644a0a98,WAD2AI: 42.5.7.0,5a10e495-ac92-11e9-b036-8d90b2ac8258,1
2019-07-22T15:06:18.1577986Z,EventName: BuildIdleReplicaStarted Category: LifeCycle EventInstanceId 1f0abfbb-1b4e-4b3f-bcaa-a4846c6ec262 PartitionId 00000000-0000-0000-0000-000000004000 ReplicaId 132082815645730675 TargetReplicaId: 132082815713918226,1,trace,"{""EventId"":""16831"",""DeploymentName"":""68d24dec-0da7-42fe-84da-56ff36146b07"",""eventInstanceId"":""1f0abfbb-1b4e-4b3f-bcaa-a4846c6ec262"",""ProviderGuid"":""cbd93bc2-71e5-4566-b3a7-595d8eeca6e8"",""ProviderName"":""Microsoft-ServiceFabric"",""KeywordName"":""Default"",""partitionId"":""00000000-0000-0000-0000-000000004000"",""ActivityId"":""00000000-0000-0000-0000-000000000000"",""OpcodeName"":""Info"",""eventName"":""BuildIdleReplicaStarted"",""TaskName"":""RE"",""category"":""LifeCycle"",""replicaId"":""132082815645730675"",""targetReplicaId"":""132082815713918226"",""Tid"":""2960"",""Pid"":""3100""}",null,,,,AzureDiag_ETW,,,,,,PC,,,0.0.0.0,Washington,Virginia,United States,,IaaS,_v4fjuhiyd_1,2a946134-6ff9-4363-aa78-86b888c6c92e,acesimappinsights,ceb6d2cc-c6f9-4b13-a624-e062644a0a98,WAD2AI: 42.5.7.0,5a10e496-ac92-11e9-b036-8d90b2ac8258,1
2019-07-22T15:06:18.4079043Z,EventName: BuildIdleReplicaStarted Category: LifeCycle EventInstanceId ace9c909-0be9-49f1-ba0b-dd328841c880 PartitionId 00000000-0000-0000-0000-000000002000 ReplicaId 132082815645730675 TargetReplicaId: 132082815670832030,1,trace,"{""EventId"":""16831"",""DeploymentName"":""68d24dec-0da7-42fe-84da-56ff36146b07"",""eventInstanceId"":""ace9c909-0be9-49f1-ba0b-dd328841c880"",""ProviderGuid"":""cbd93bc2-71e5-4566-b3a7-595d8eeca6e8"",""ProviderName"":""Microsoft-ServiceFabric"",""KeywordName"":""Default"",""partitionId"":""00000000-0000-0000-0000-000000002000"",""ActivityId"":""00000000-0000-0000-0000-000000000000"",""OpcodeName"":""Info"",""eventName"":""BuildIdleReplicaStarted"",""TaskName"":""RE"",""category"":""LifeCycle"",""replicaId"":""132082815645730675"",""targetReplicaId"":""132082815670832030"",""Tid"":""2928"",""Pid"":""3888""}",null,,,,AzureDiag_ETW,,,,,,PC,,,0.0.0.0,Washington,Virginia,United States,,IaaS,_v4fjuhiyd_1,2a946134-6ff9-4363-aa78-86b888c6c92e,acesimappinsights,ceb6d2cc-c6f9-4b13-a624-e062644a0a98,WAD2AI: 42.5.7.0,5a10e497-ac92-11e9-b036-8d90b2ac8258,1
2019-07-22T15:06:18.4092407Z,EventName: BuildIdleReplicaStarted Category: LifeCycle EventInstanceId f58392e8-306e-4d0c-bf25-d073845d640a PartitionId 00000000-0000-0000-0000-000000001000 ReplicaId 132082815642736109 TargetReplicaId: 132082815657985901,1,trace,"{""EventId"":""16831"",""DeploymentName"":""68d24dec-0da7-42fe-84da-56ff36146b07"",""eventInstanceId"":""f58392e8-306e-4d0c-bf25-d073845d640a"",""ProviderGuid"":""cbd93bc2-71e5-4566-b3a7-595d8eeca6e8"",""ProviderName"":""Microsoft-ServiceFabric"",""KeywordName"":""Default"",""partitionId"":""00000000-0000-0000-0000-000000001000"",""ActivityId"":""00000000-0000-0000-0000-000000000000"",""OpcodeName"":""Info"",""eventName"":""BuildIdleReplicaStarted"",""TaskName"":""RE"",""category"":""LifeCycle"",""replicaId"":""132082815642736109"",""targetReplicaId"":""132082815657985901"",""Tid"":""2148"",""Pid"":""3888""}",null,,,,AzureDiag_ETW,,,,,,PC,,,0.0.0.0,Washington,Virginia,United States,,IaaS,_v4fjuhiyd_1,2a946134-6ff9-4363-aa78-86b888c6c92e,acesimappinsights,ceb6d2cc-c6f9-4b13-a624-e062644a0a98,WAD2AI: 42.5.7.0,5a10e498-ac92-11e9-b036-8d90b2ac8258,1
2019-07-22T15:06:18.4288928Z,EventName: BuildIdleReplicaStarted Category: LifeCycle EventInstanceId 8b8bb03f-2abf-4867-9db2-f8b46157c0ff PartitionId 00000000-0000-0000-0000-000000001001 ReplicaId 132082815642736109 TargetReplicaId: 132082815658141867,1,trace,"{""EventId"":""16831"",""DeploymentName"":""68d24dec-0da7-42fe-84da-56ff36146b07"",""eventInstanceId"":""8b8bb03f-2abf-4867-9db2-f8b46157c0ff"",""ProviderGuid"":""cbd93bc2-71e5-4566-b3a7-595d8eeca6e8"",""ProviderName"":""Microsoft-ServiceFabric"",""KeywordName"":""Default"",""partitionId"":""00000000-0000-0000-0000-000000001001"",""ActivityId"":""00000000-0000-0000-0000-000000000000"",""OpcodeName"":""Info"",""eventName"":""BuildIdleReplicaStarted"",""TaskName"":""RE"",""category"":""LifeCycle"",""replicaId"":""132082815642736109"",""targetReplicaId"":""132082815658141867"",""Tid"":""2640"",""Pid"":""3152""}",null,,,,AzureDiag_ETW,,,,,,PC,,,0.0.0.0,Washington,Virginia,United States,,IaaS,_v4fjuhiyd_0,2a946134-6ff9-4363-aa78-86b888c6c92e,acesimappinsights,ceb6d2cc-c6f9-4b13-a624-e062644a0a98,WAD2AI: 42.5.7.0,59ca65b2-ac92-11e9-a125-21e8545acd4f,1
2019-07-22T15:06:18.9556Z,EventName: BuildIdleReplicaCompleted Category: LifeCycle EventInstanceId ae60bca9-e4f9-48f2-bb2d-e9280695dd36 PartitionId 00000000-0000-0000-0000-000000004000 ReplicaId 132082815645730675 TargetReplicaId: 132082815713918226,1,trace,"{""EventId"":""16832"",""DeploymentName"":""68d24dec-0da7-42fe-84da-56ff36146b07"",""eventInstanceId"":""ae60bca9-e4f9-48f2-bb2d-e9280695dd36"",""ProviderGuid"":""cbd93bc2-71e5-4566-b3a7-595d8eeca6e8"",""ProviderName"":""Microsoft-ServiceFabric"",""KeywordName"":""Default"",""partitionId"":""00000000-0000-0000-0000-000000004000"",""ActivityId"":""00000000-0000-0000-0000-000000000000"",""OpcodeName"":""Info"",""eventName"":""BuildIdleReplicaCompleted"",""TaskName"":""RE"",""category"":""LifeCycle"",""replicaId"":""132082815645730675"",""targetReplicaId"":""132082815713918226"",""Tid"":""2960"",""Pid"":""3100""}",null,,,,AzureDiag_ETW,,,,,,PC,,,0.0.0.0,Washington,Virginia,United States,,IaaS,_v4fjuhiyd_1,2a946134-6ff9-4363-aa78-86b888c6c92e,acesimappinsights,ceb6d2cc-c6f9-4b13-a624-e062644a0a98,WAD2AI: 42.5.7.0,5a10e499-ac92-11e9-b036-8d90b2ac8258,1
2019-07-22T15:06:19.5268891Z,EventName: BuildIdleReplicaCompleted Category: LifeCycle EventInstanceId a7fe4ea2-5aca-4e42-a4dc-230d80a30cf3 PartitionId 00000000-0000-0000-0000-000000002000 ReplicaId 132082815645730675 TargetReplicaId: 132082815670832030,1,trace,"{""EventId"":""16832"",""DeploymentName"":""68d24dec-0da7-42fe-84da-56ff36146b07"",""eventInstanceId"":""a7fe4ea2-5aca-4e42-a4dc-230d80a30cf3"",""ProviderGuid"":""cbd93bc2-71e5-4566-b3a7-595d8eeca6e8"",""ProviderName"":""Microsoft-ServiceFabric"",""KeywordName"":""Default"",""partitionId"":""00000000-0000-0000-0000-000000002000"",""ActivityId"":""00000000-0000-0000-0000-000000000000"",""OpcodeName"":""Info"",""eventName"":""BuildIdleReplicaCompleted"",""TaskName"":""RE"",""category"":""LifeCycle"",""replicaId"":""132082815645730675"",""targetReplicaId"":""132082815670832030"",""Tid"":""2148"",""Pid"":""3888""}",null,,,,AzureDiag_ETW,,,,,,PC,,,0.0.0.0,Washington,Virginia,United States,,IaaS,_v4fjuhiyd_1,2a946134-6ff9-4363-aa78-86b888c6c92e,acesimappinsights,ceb6d2cc-c6f9-4b13-a624-e062644a0a98,WAD2AI: 42.5.7.0,5a10e49a-ac92-11e9-b036-8d90b2ac8258,1
2019-07-22T15:06:19.6918585Z,EventName: BuildIdleReplicaCompleted Category: LifeCycle EventInstanceId 176ff889-e63b-42ca-804b-432808d86e18 PartitionId 00000000-0000-0000-0000-000000001000 ReplicaId 132082815642736109 TargetReplicaId: 132082815657985901,1,trace,"{""EventId"":""16832"",""DeploymentName"":""68d24dec-0da7-42fe-84da-56ff36146b07"",""eventInstanceId"":""176ff889-e63b-42ca-804b-432808d86e18"",""ProviderGuid"":""cbd93bc2-71e5-4566-b3a7-595d8eeca6e8"",""ProviderName"":""Microsoft-ServiceFabric"",""KeywordName"":""Default"",""partitionId"":""00000000-0000-0000-0000-000000001000"",""ActivityId"":""00000000-0000-0000-0000-000000000000"",""OpcodeName"":""Info"",""eventName"":""BuildIdleReplicaCompleted"",""TaskName"":""RE"",""category"":""LifeCycle"",""replicaId"":""132082815642736109"",""targetReplicaId"":""132082815657985901"",""Tid"":""2148"",""Pid"":""3888""}",null,,,,AzureDiag_ETW,,,,,,PC,,,0.0.0.0,Washington,Virginia,United States,,IaaS,_v4fjuhiyd_1,2a946134-6ff9-4363-aa78-86b888c6c92e,acesimappinsights,ceb6d2cc-c6f9-4b13-a624-e062644a0a98,WAD2AI: 42.5.7.0,5a10e49b-ac92-11e9-b036-8d90b2ac8258,1
2019-07-22T15:06:19.7081187Z,EventName: BuildIdleReplicaCompleted Category: LifeCycle EventInstanceId e841c818-2802-444b-9eb9-6f04fbef1b2d PartitionId 00000000-0000-0000-0000-000000001001 ReplicaId 132082815642736109 TargetReplicaId: 132082815658141867,1,trace,"{""EventId"":""16832"",""DeploymentName"":""68d24dec-0da7-42fe-84da-56ff36146b07"",""eventInstanceId"":""e841c818-2802-444b-9eb9-6f04fbef1b2d"",""ProviderGuid"":""cbd93bc2-71e5-4566-b3a7-595d8eeca6e8"",""ProviderName"":""Microsoft-ServiceFabric"",""KeywordName"":""Default"",""partitionId"":""00000000-0000-0000-0000-000000001001"",""ActivityId"":""00000000-0000-0000-0000-000000000000"",""OpcodeName"":""Info"",""eventName"":""BuildIdleReplicaCompleted"",""TaskName"":""RE"",""category"":""LifeCycle"",""replicaId"":""132082815642736109"",""targetReplicaId"":""132082815658141867"",""Tid"":""2640"",""Pid"":""3152""}",null,,,,AzureDiag_ETW,,,,,,PC,,,0.0.0.0,Washington,Virginia,United States,,IaaS,_v4fjuhiyd_0,2a946134-6ff9-4363-aa78-86b888c6c92e,acesimappinsights,ceb6d2cc-c6f9-4b13-a624-e062644a0a98,WAD2AI: 42.5.7.0,59ca65b3-ac92-11e9-a125-21e8545acd4f,1
2019-07-22T15:06:20.0939044Z,EventName: PartitionReconfigured Category: StateTransition EventInstanceId: 74b43cf9-63d1-4b9e-bf80-efa8bcd5268c. RA on node _v4fjuhiyd_1(c0dc7678ee7fb9585726f3de66cc5dbc) completed reconfiguration. PartitionId = 00000000-0000-0000-0000-000000004000. ServiceType = RepairManagerServiceType. Epoch = 132082815339544632:8589934595. ReconfigurationType = 0. Result = 1. Phase0Duration: 0.000000ms. Phase1Duration: 0.000000ms. Phase2Duration: 214.989400ms. Phase3Duration: 0.004500ms. Phase4Duration: 643.691600ms. TotalDuration: 858.685500ms.,1,trace,"{""EventId"":""18940"",""DeploymentName"":""68d24dec-0da7-42fe-84da-56ff36146b07"",""eventInstanceId"":""74b43cf9-63d1-4b9e-bf80-efa8bcd5268c"",""ProviderGuid"":""cbd93bc2-71e5-4566-b3a7-595d8eeca6e8"",""ProviderName"":""Microsoft-ServiceFabric"",""KeywordName"":""Default"",""partitionId"":""00000000-0000-0000-0000-000000004000"",""ActivityId"":""00000000-0000-0000-0000-000000000000"",""OpcodeName"":""Info"",""eventName"":""PartitionReconfigured"",""TaskName"":""RA"",""category"":""StateTransition"",""Tid"":""2928"",""Pid"":""3888"",""ccEpoch_dataLossVersion"":""132082815339544632"",""ccEpoch_configVersion"":""8589934595"",""phase4DurationMs"":""643.691600"",""phase3DurationMs"":""0.004500"",""phase2DurationMs"":""214.989400"",""phase1DurationMs"":""0.000000"",""phase0DurationMs"":""0.000000"",""totalDurationMs"":""858.685500"",""nodeInstance_id"":""c0dc7678ee7fb9585726f3de66cc5dbc"",""reconfigType"":""0"",""serviceType"":""RepairManagerServiceType"",""nodeName"":""_v4fjuhiyd_1"",""result"":""1""}",null,,,,AzureDiag_ETW,,,,,,PC,,,0.0.0.0,Washington,Virginia,United States,,IaaS,_v4fjuhiyd_1,2a946134-6ff9-4363-aa78-86b888c6c92e,acesimappinsights,ceb6d2cc-c6f9-4b13-a624-e062644a0a98,WAD2AI: 42.5.7.0,5a10e49c-ac92-11e9-b036-8d90b2ac8258,1
2019-07-22T15:06:20.6957906Z,EventName: PartitionReconfigured Category: StateTransition EventInstanceId: 3f78043b-bb42-4524-b27f-f74f70348b70. RA on node _v4fjuhiyd_0(dcea7dab488c96681abf9531d1fbfcc7) completed reconfiguration. PartitionId = 00000000-0000-0000-0000-000000001001. ServiceType = NamingStoreService. Epoch = 132082815337282783:8589934595. ReconfigurationType = 0. Result = 1. Phase0Duration: 0.000000ms. Phase1Duration: 0.000000ms. Phase2Duration: 161.785500ms. Phase3Duration: 0.005000ms. Phase4Duration: 461.708800ms. TotalDuration: 623.499300ms.,1,trace,"{""EventId"":""18940"",""DeploymentName"":""68d24dec-0da7-42fe-84da-56ff36146b07"",""eventInstanceId"":""3f78043b-bb42-4524-b27f-f74f70348b70"",""ProviderGuid"":""cbd93bc2-71e5-4566-b3a7-595d8eeca6e8"",""ProviderName"":""Microsoft-ServiceFabric"",""KeywordName"":""Default"",""partitionId"":""00000000-0000-0000-0000-000000001001"",""ActivityId"":""00000000-0000-0000-0000-000000000000"",""OpcodeName"":""Info"",""eventName"":""PartitionReconfigured"",""TaskName"":""RA"",""category"":""StateTransition"",""Tid"":""4108"",""Pid"":""3152"",""ccEpoch_dataLossVersion"":""132082815337282783"",""ccEpoch_configVersion"":""8589934595"",""phase4DurationMs"":""461.708800"",""phase3DurationMs"":""0.005000"",""phase2DurationMs"":""161.785500"",""phase1DurationMs"":""0.000000"",""phase0DurationMs"":""0.000000"",""totalDurationMs"":""623.499300"",""nodeInstance_id"":""dcea7dab488c96681abf9531d1fbfcc7"",""reconfigType"":""0"",""serviceType"":""NamingStoreService"",""nodeName"":""_v4fjuhiyd_0"",""result"":""1""}",null,,,,AzureDiag_ETW,,,,,,PC,,,0.0.0.0,Washington,Virginia,United States,,IaaS,_v4fjuhiyd_0,2a946134-6ff9-4363-aa78-86b888c6c92e,acesimappinsights,ceb6d2cc-c6f9-4b13-a624-e062644a0a98,WAD2AI: 42.5.7.0,59ca65b4-ac92-11e9-a125-21e8545acd4f,1
2019-07-22T15:06:20.7085521Z,EventName: PartitionReconfigured Category: StateTransition EventInstanceId: 2ae4f301-b146-4719-97e7-df47a589ef06. RA on node _v4fjuhiyd_1(c0dc7678ee7fb9585726f3de66cc5dbc) completed reconfiguration. PartitionId = 00000000-0000-0000-0000-000000002000. ServiceType = ClusterManagerServiceType. Epoch = 132082815339544632:8589934595. ReconfigurationType = 0. Result = 1. Phase0Duration: 0.000000ms. Phase1Duration: 0.000000ms. Phase2Duration: 192.541100ms. Phase3Duration: 0.003600ms. Phase4Duration: 618.908900ms. TotalDuration: 811.453600ms.,1,trace,"{""EventId"":""18940"",""DeploymentName"":""68d24dec-0da7-42fe-84da-56ff36146b07"",""eventInstanceId"":""2ae4f301-b146-4719-97e7-df47a589ef06"",""ProviderGuid"":""cbd93bc2-71e5-4566-b3a7-595d8eeca6e8"",""ProviderName"":""Microsoft-ServiceFabric"",""KeywordName"":""Default"",""partitionId"":""00000000-0000-0000-0000-000000002000"",""ActivityId"":""00000000-0000-0000-0000-000000000000"",""OpcodeName"":""Info"",""eventName"":""PartitionReconfigured"",""TaskName"":""RA"",""category"":""StateTransition"",""Tid"":""2928"",""Pid"":""3888"",""ccEpoch_dataLossVersion"":""132082815339544632"",""ccEpoch_configVersion"":""8589934595"",""phase4DurationMs"":""618.908900"",""phase3DurationMs"":""0.003600"",""phase2DurationMs"":""192.541100"",""phase1DurationMs"":""0.000000"",""phase0DurationMs"":""0.000000"",""totalDurationMs"":""811.453600"",""nodeInstance_id"":""c0dc7678ee7fb9585726f3de66cc5dbc"",""reconfigType"":""0"",""serviceType"":""ClusterManagerServiceType"",""nodeName"":""_v4fjuhiyd_1"",""result"":""1""}",null,,,,AzureDiag_ETW,,,,,,PC,,,0.0.0.0,Washington,Virginia,United States,,IaaS,_v4fjuhiyd_1,2a946134-6ff9-4363-aa78-86b888c6c92e,acesimappinsights,ceb6d2cc-c6f9-4b13-a624-e062644a0a98,WAD2AI: 42.5.7.0,5a10e49d-ac92-11e9-b036-8d90b2ac8258,1
2019-07-22T15:06:20.9167492Z,EventName: PartitionReconfigured Category: StateTransition EventInstanceId: f919ae9f-9a71-4ff0-8ffe-44d7b088b6fb. RA on node _v4fjuhiyd_1(c0dc7678ee7fb9585726f3de66cc5dbc) completed reconfiguration. PartitionId = 00000000-0000-0000-0000-000000001000. ServiceType = NamingStoreService. Epoch = 132082815337282783:8589934595. ReconfigurationType = 0. Result = 1. Phase0Duration: 0.000000ms. Phase1Duration: 0.000000ms. Phase2Duration: 142.462400ms. Phase3Duration: 0.003300ms. Phase4Duration: 619.821000ms. TotalDuration: 762.286700ms.,1,trace,"{""EventId"":""18940"",""DeploymentName"":""68d24dec-0da7-42fe-84da-56ff36146b07"",""eventInstanceId"":""f919ae9f-9a71-4ff0-8ffe-44d7b088b6fb"",""ProviderGuid"":""cbd93bc2-71e5-4566-b3a7-595d8eeca6e8"",""ProviderName"":""Microsoft-ServiceFabric"",""KeywordName"":""Default"",""partitionId"":""00000000-0000-0000-0000-000000001000"",""ActivityId"":""00000000-0000-0000-0000-000000000000"",""OpcodeName"":""Info"",""eventName"":""PartitionReconfigured"",""TaskName"":""RA"",""category"":""StateTransition"",""Tid"":""2148"",""Pid"":""3888"",""ccEpoch_dataLossVersion"":""132082815337282783"",""ccEpoch_configVersion"":""8589934595"",""phase4DurationMs"":""619.821000"",""phase3DurationMs"":""0.003300"",""phase2DurationMs"":""142.462400"",""phase1DurationMs"":""0.000000"",""phase0DurationMs"":""0.000000"",""totalDurationMs"":""762.286700"",""nodeInstance_id"":""c0dc7678ee7fb9585726f3de66cc5dbc"",""reconfigType"":""0"",""serviceType"":""NamingStoreService"",""nodeName"":""_v4fjuhiyd_1"",""result"":""1""}",null,,,,AzureDiag_ETW,,,,,,PC,,,0.0.0.0,Washington,Virginia,United States,,IaaS,_v4fjuhiyd_1,2a946134-6ff9-4363-aa78-86b888c6c92e,acesimappinsights,ceb6d2cc-c6f9-4b13-a624-e062644a0a98,WAD2AI: 42.5.7.0,5a10e49e-ac92-11e9-b036-8d90b2ac8258,1
2019-07-22T15:06:25.381568Z,"EventName: ApplicationProcessExited Category: StateTransition EventInstanceId 672e3847-4e72-4a31-bb27-c301f4bf9be8 ApplicationName fabric:/System Application terminated, ServiceName=, ServicePackageName=ES, ServicePackageActivationId=, IsExclusive=false, CodePackageName=Code, EntryPointType=1, ExeName=EventStore.Service.Setup.exe, ProcessId=2968, HostId=d975bc0b-ee95-4e25-9c36-9f37833e1ed0, ExitCode=0, UnexpectedTermination=true, StartTime=2019-07-22T15:06:23.9660702Z.",1,trace,"{""EventId"":""23083"",""DeploymentName"":""68d24dec-0da7-42fe-84da-56ff36146b07"",""eventInstanceId"":""672e3847-4e72-4a31-bb27-c301f4bf9be8"",""ProviderGuid"":""cbd93bc2-71e5-4566-b3a7-595d8eeca6e8"",""ProviderName"":""Microsoft-ServiceFabric"",""KeywordName"":""Default"",""ActivityId"":""00000000-0000-0000-0000-000000000000"",""OpcodeName"":""Info"",""eventName"":""ApplicationProcessExited"",""TaskName"":""Hosting"",""category"":""StateTransition"",""Tid"":""2616"",""Pid"":""3888"",""applicationName"":""fabric:/System"",""UnexpectedTermination"":""true"",""ServicePackageName"":""ES"",""CodePackageName"":""Code"",""EntryPointType"":""1"",""IsExclusive"":""false"",""StartTime"":""2019-07-22T15:06:23.9660702Z"",""ProcessId"":""2968"",""ExitCode"":""0"",""ExeName"":""EventStore.Service.Setup.exe"",""HostId"":""d975bc0b-ee95-4e25-9c36-9f37833e1ed0""}",null,,,,AzureDiag_ETW,,,,,,PC,,,0.0.0.0,Washington,Virginia,United States,,IaaS,_v4fjuhiyd_1,2a946134-6ff9-4363-aa78-86b888c6c92e,acesimappinsights,ceb6d2cc-c6f9-4b13-a624-e062644a0a98,WAD2AI: 42.5.7.0,5a10e49f-ac92-11e9-b036-8d90b2ac8258,1
2019-07-22T15:06:29.2154908Z,"EventName: ServiceCreated Category: LifeCycle EventInstanceId bf75e8a5-4c1f-4771-becb-b1572894e78c ServiceName DnsService Service Created, Partition 29044376-78cd-47ef-bb32-188e6df6add1 of ServiceType DnsServiceType created in Application fabric:/System ApplicationType __FabricSystem.",1,trace,"{""EventId"":""18657"",""DeploymentName"":""68d24dec-0da7-42fe-84da-56ff36146b07"",""eventInstanceId"":""bf75e8a5-4c1f-4771-becb-b1572894e78c"",""ProviderGuid"":""cbd93bc2-71e5-4566-b3a7-595d8eeca6e8"",""ProviderName"":""Microsoft-ServiceFabric"",""KeywordName"":""Default"",""partitionId"":""29044376-78cd-47ef-bb32-188e6df6add1"",""ActivityId"":""00000000-0000-0000-0000-000000000000"",""OpcodeName"":""Info"",""eventName"":""ServiceCreated"",""TaskName"":""FM"",""category"":""LifeCycle"",""Tid"":""4368"",""Pid"":""3152"",""applicationName"":""fabric:/System"",""applicationTypeName"":""__FabricSystem"",""serviceTypeName"":""DnsServiceType"",""serviceName"":""DnsService"",""servicePackageVersion"":""1.0:1.0"",""targetReplicaSetSize"":""-1"",""minReplicaSetSize"":""-1"",""serviceInstance"":""132082815891521218"",""partitionCount"":""1"",""isStateful"":""false""}",null,,,,AzureDiag_ETW,,,,,,PC,,,0.0.0.0,Washington,Virginia,United States,,IaaS,_v4fjuhiyd_0,2a946134-6ff9-4363-aa78-86b888c6c92e,acesimappinsights,ceb6d2cc-c6f9-4b13-a624-e062644a0a98,WAD2AI: 42.5.7.0,6bb334a0-ac92-11e9-97db-f91af0ef2768,1
2019-07-22T15:06:29.2776113Z,"EventName: ServiceCreated Category: LifeCycle EventInstanceId e5004248-2383-433c-a958-7d9b4ae16a1b ServiceName UpgradeService Service Created, Partition afaca02e-5fde-4b58-97bc-935963a00735 of ServiceType UpgradeServiceType created in Application fabric:/System ApplicationType __FabricSystem.",1,trace,"{""EventId"":""18657"",""DeploymentName"":""68d24dec-0da7-42fe-84da-56ff36146b07"",""eventInstanceId"":""e5004248-2383-433c-a958-7d9b4ae16a1b"",""ProviderGuid"":""cbd93bc2-71e5-4566-b3a7-595d8eeca6e8"",""ProviderName"":""Microsoft-ServiceFabric"",""KeywordName"":""Default"",""partitionId"":""afaca02e-5fde-4b58-97bc-935963a00735"",""ActivityId"":""00000000-0000-0000-0000-000000000000"",""OpcodeName"":""Info"",""eventName"":""ServiceCreated"",""TaskName"":""FM"",""category"":""LifeCycle"",""Tid"":""4108"",""Pid"":""3152"",""applicationName"":""fabric:/System"",""applicationTypeName"":""__FabricSystem"",""serviceTypeName"":""UpgradeServiceType"",""serviceName"":""UpgradeService"",""servicePackageVersion"":""1.0:1.0"",""targetReplicaSetSize"":""3"",""minReplicaSetSize"":""3"",""serviceInstance"":""132082815892145887"",""partitionCount"":""1"",""isStateful"":""true""}",null,,,,AzureDiag_ETW,,,,,,PC,,,0.0.0.0,Washington,Virginia,United States,,IaaS,_v4fjuhiyd_0,2a946134-6ff9-4363-aa78-86b888c6c92e,acesimappinsights,ceb6d2cc-c6f9-4b13-a624-e062644a0a98,WAD2AI: 42.5.7.0,6bb334a1-ac92-11e9-97db-f91af0ef2768,1
2019-07-22T15:06:36.4996246Z,EventName: BuildIdleReplicaStarted Category: LifeCycle EventInstanceId 8ab35412-1caf-4539-8bb6-b1925728a9b5 PartitionId 00000000-0000-0000-0000-000000003000 ReplicaId 132082815645730675 TargetReplicaId: 132082815936231757,1,trace,"{""EventId"":""16831"",""DeploymentName"":""68d24dec-0da7-42fe-84da-56ff36146b07"",""eventInstanceId"":""8ab35412-1caf-4539-8bb6-b1925728a9b5"",""ProviderGuid"":""cbd93bc2-71e5-4566-b3a7-595d8eeca6e8"",""ProviderName"":""Microsoft-ServiceFabric"",""KeywordName"":""Default"",""partitionId"":""00000000-0000-0000-0000-000000003000"",""ActivityId"":""00000000-0000-0000-0000-000000000000"",""OpcodeName"":""Info"",""eventName"":""BuildIdleReplicaStarted"",""TaskName"":""RE"",""category"":""LifeCycle"",""replicaId"":""132082815645730675"",""targetReplicaId"":""132082815936231757"",""Tid"":""3148"",""Pid"":""3732""}",null,,,,AzureDiag_ETW,,,,,,PC,,,0.0.0.0,Washington,Virginia,United States,,IaaS,_v4fjuhiyd_1,2a946134-6ff9-4363-aa78-86b888c6c92e,acesimappinsights,ceb6d2cc-c6f9-4b13-a624-e062644a0a98,WAD2AI: 42.5.7.0,6c227139-ac92-11e9-982e-3b91603e2f99,1
2019-07-22T15:06:37.830852Z,EventName: BuildIdleReplicaCompleted Category: LifeCycle EventInstanceId 885ebc63-b644-48a7-a7d3-fc0259072125 PartitionId 00000000-0000-0000-0000-000000003000 ReplicaId 132082815645730675 TargetReplicaId: 132082815936231757,1,trace,"{""EventId"":""16832"",""DeploymentName"":""68d24dec-0da7-42fe-84da-56ff36146b07"",""eventInstanceId"":""885ebc63-b644-48a7-a7d3-fc0259072125"",""ProviderGuid"":""cbd93bc2-71e5-4566-b3a7-595d8eeca6e8"",""ProviderName"":""Microsoft-ServiceFabric"",""KeywordName"":""Default"",""partitionId"":""00000000-0000-0000-0000-000000003000"",""ActivityId"":""00000000-0000-0000-0000-000000000000"",""OpcodeName"":""Info"",""eventName"":""BuildIdleReplicaCompleted"",""TaskName"":""RE"",""category"":""LifeCycle"",""replicaId"":""132082815645730675"",""targetReplicaId"":""132082815936231757"",""Tid"":""3148"",""Pid"":""3732""}",null,,,,AzureDiag_ETW,,,,,,PC,,,0.0.0.0,Washington,Virginia,United States,,IaaS,_v4fjuhiyd_1,2a946134-6ff9-4363-aa78-86b888c6c92e,acesimappinsights,ceb6d2cc-c6f9-4b13-a624-e062644a0a98,WAD2AI: 42.5.7.0,6c22713a-ac92-11e9-982e-3b91603e2f99,1
2019-07-22T15:06:38.9016703Z,EventName: BuildIdleReplicaStarted Category: LifeCycle EventInstanceId bcbdb42f-d208-4fcd-b077-64a4d2ae5bae PartitionId 00000000-0000-0000-0000-000000003000 ReplicaId 132082815645730675 TargetReplicaId: 132082815936231756,1,trace,"{""EventId"":""16831"",""DeploymentName"":""68d24dec-0da7-42fe-84da-56ff36146b07"",""eventInstanceId"":""bcbdb42f-d208-4fcd-b077-64a4d2ae5bae"",""ProviderGuid"":""cbd93bc2-71e5-4566-b3a7-595d8eeca6e8"",""ProviderName"":""Microsoft-ServiceFabric"",""KeywordName"":""Default"",""partitionId"":""00000000-0000-0000-0000-000000003000"",""ActivityId"":""00000000-0000-0000-0000-000000000000"",""OpcodeName"":""Info"",""eventName"":""BuildIdleReplicaStarted"",""TaskName"":""RE"",""category"":""LifeCycle"",""replicaId"":""132082815645730675"",""targetReplicaId"":""132082815936231756"",""Tid"":""3716"",""Pid"":""3732""}",null,,,,AzureDiag_ETW,,,,,,PC,,,0.0.0.0,Washington,Virginia,United States,,IaaS,_v4fjuhiyd_1,2a946134-6ff9-4363-aa78-86b888c6c92e,acesimappinsights,ceb6d2cc-c6f9-4b13-a624-e062644a0a98,WAD2AI: 42.5.7.0,6c22713b-ac92-11e9-982e-3b91603e2f99,1
2019-07-22T15:06:40.068345Z,"EventName: ApplicationProcessExited Category: StateTransition EventInstanceId 33fe1545-521a-4dd5-bc30-d0651dd7462b ApplicationName fabric:/System Application terminated, ServiceName=, ServicePackageName=ES, ServicePackageActivationId=, IsExclusive=false, CodePackageName=Code, EntryPointType=1, ExeName=EventStore.Service.Setup.exe, ProcessId=4288, HostId=c529ec5c-75bb-4f52-b44c-ea788b275e00, ExitCode=0, UnexpectedTermination=true, StartTime=2019-07-22T15:06:39.3070425Z.",1,trace,"{""EventId"":""23083"",""DeploymentName"":""68d24dec-0da7-42fe-84da-56ff36146b07"",""eventInstanceId"":""33fe1545-521a-4dd5-bc30-d0651dd7462b"",""ProviderGuid"":""cbd93bc2-71e5-4566-b3a7-595d8eeca6e8"",""ProviderName"":""Microsoft-ServiceFabric"",""KeywordName"":""Default"",""ActivityId"":""00000000-0000-0000-0000-000000000000"",""OpcodeName"":""Info"",""eventName"":""ApplicationProcessExited"",""TaskName"":""Hosting"",""category"":""StateTransition"",""Tid"":""1932"",""Pid"":""3152"",""applicationName"":""fabric:/System"",""UnexpectedTermination"":""true"",""ServicePackageName"":""ES"",""CodePackageName"":""Code"",""EntryPointType"":""1"",""IsExclusive"":""false"",""StartTime"":""2019-07-22T15:06:39.3070425Z"",""ProcessId"":""4288"",""ExitCode"":""0"",""ExeName"":""EventStore.Service.Setup.exe"",""HostId"":""c529ec5c-75bb-4f52-b44c-ea788b275e00""}",null,,,,AzureDiag_ETW,,,,,,PC,,,0.0.0.0,Washington,Virginia,United States,,IaaS,_v4fjuhiyd_0,2a946134-6ff9-4363-aa78-86b888c6c92e,acesimappinsights,ceb6d2cc-c6f9-4b13-a624-e062644a0a98,WAD2AI: 42.5.7.0,6bb334a2-ac92-11e9-97db-f91af0ef2768,1
2019-07-22T15:06:45.9461255Z,EventName: BuildIdleReplicaStarted Category: LifeCycle EventInstanceId 41e9815f-1c54-4883-9525-b24052a966c4 PartitionId 00000000-0000-0000-0000-000000009000 ReplicaId 132082815645730675 TargetReplicaId: 132082815950416396,1,trace,"{""EventId"":""16831"",""DeploymentName"":""68d24dec-0da7-42fe-84da-56ff36146b07"",""eventInstanceId"":""41e9815f-1c54-4883-9525-b24052a966c4"",""ProviderGuid"":""cbd93bc2-71e5-4566-b3a7-595d8eeca6e8"",""ProviderName"":""Microsoft-ServiceFabric"",""KeywordName"":""Default"",""partitionId"":""00000000-0000-0000-0000-000000009000"",""ActivityId"":""00000000-0000-0000-0000-000000000000"",""OpcodeName"":""Info"",""eventName"":""BuildIdleReplicaStarted"",""TaskName"":""RE"",""category"":""LifeCycle"",""replicaId"":""132082815645730675"",""targetReplicaId"":""132082815950416396"",""Tid"":""3176"",""Pid"":""2136""}",null,,,,AzureDiag_ETW,,,,,,PC,,,0.0.0.0,Washington,Virginia,United States,,IaaS,_v4fjuhiyd_1,2a946134-6ff9-4363-aa78-86b888c6c92e,acesimappinsights,ceb6d2cc-c6f9-4b13-a624-e062644a0a98,WAD2AI: 42.5.7.0,6c22713c-ac92-11e9-982e-3b91603e2f99,1
2019-07-22T15:06:45.9474883Z,EventName: BuildIdleReplicaStarted Category: LifeCycle EventInstanceId 12c33c00-6f0b-4d4f-bd27-761fcdea417e PartitionId 00000000-0000-0000-0000-000000005000 ReplicaId 132082815645730675 TargetReplicaId: 132082815953541484,1,trace,"{""EventId"":""16831"",""DeploymentName"":""68d24dec-0da7-42fe-84da-56ff36146b07"",""eventInstanceId"":""12c33c00-6f0b-4d4f-bd27-761fcdea417e"",""ProviderGuid"":""cbd93bc2-71e5-4566-b3a7-595d8eeca6e8"",""ProviderName"":""Microsoft-ServiceFabric"",""KeywordName"":""Default"",""partitionId"":""00000000-0000-0000-0000-000000005000"",""ActivityId"":""00000000-0000-0000-0000-000000000000"",""OpcodeName"":""Info"",""eventName"":""BuildIdleReplicaStarted"",""TaskName"":""RE"",""category"":""LifeCycle"",""replicaId"":""132082815645730675"",""targetReplicaId"":""132082815953541484"",""Tid"":""384"",""Pid"":""1456""}",null,,,,AzureDiag_ETW,,,,,,PC,,,0.0.0.0,Washington,Virginia,United States,,IaaS,_v4fjuhiyd_1,2a946134-6ff9-4363-aa78-86b888c6c92e,acesimappinsights,ceb6d2cc-c6f9-4b13-a624-e062644a0a98,WAD2AI: 42.5.7.0,6c22713d-ac92-11e9-982e-3b91603e2f99,1
2019-07-22T15:06:46.0631855Z,"EventName: PrimaryPartialCopyInitiated, Category: LifeCycle, Id: 00000000-0000-0000-0000-000000009000.132082815645730675, TargetReplicaId: 132082815950416396, StartingLogRecordPosition: 160, EndingLogRecordPosition: 700",1,trace,"{""EventId"":""63832"",""DeploymentName"":""68d24dec-0da7-42fe-84da-56ff36146b07"",""eventInstanceId"":""fa98b7e4-a42d-4a0c-a967-ba0921ea9b33"",""ProviderGuid"":""cbd93bc2-71e5-4566-b3a7-595d8eeca6e8"",""ProviderName"":""Microsoft-ServiceFabric"",""KeywordName"":""Default"",""partitionId"":""00000000-0000-0000-0000-000000009000"",""ActivityId"":""00000000-0000-0000-0000-000000000000"",""OpcodeName"":""Info"",""eventName"":""PrimaryPartialCopyInitiated"",""TaskName"":""TReplicator"",""category"":""LifeCycle"",""replicaId"":""132082815645730675"",""targetReplicaId"":""132082815950416396"",""Tid"":""2564"",""Pid"":""2136"",""startingLogRecordPosition"":""160"",""endingLogRecordPosition"":""700""}",null,,,,AzureDiag_ETW,,,,,,PC,,,0.0.0.0,Washington,Virginia,United States,,IaaS,_v4fjuhiyd_1,2a946134-6ff9-4363-aa78-86b888c6c92e,acesimappinsights,ceb6d2cc-c6f9-4b13-a624-e062644a0a98,WAD2AI: 42.5.7.0,6c22713e-ac92-11e9-982e-3b91603e2f99,1
2019-07-22T15:06:46.1239376Z,"EventName: PrimaryPartialCopyInitiated, Category: LifeCycle, Id: 00000000-0000-0000-0000-000000005000.132082815645730675, TargetReplicaId: 132082815953541484, StartingLogRecordPosition: 160, EndingLogRecordPosition: 700",1,trace,"{""EventId"":""63832"",""DeploymentName"":""68d24dec-0da7-42fe-84da-56ff36146b07"",""eventInstanceId"":""bf4eb520-25c3-4b37-9689-8e0ca090eddd"",""ProviderGuid"":""cbd93bc2-71e5-4566-b3a7-595d8eeca6e8"",""ProviderName"":""Microsoft-ServiceFabric"",""KeywordName"":""Default"",""partitionId"":""00000000-0000-0000-0000-000000005000"",""ActivityId"":""00000000-0000-0000-0000-000000000000"",""OpcodeName"":""Info"",""eventName"":""PrimaryPartialCopyInitiated"",""TaskName"":""TReplicator"",""category"":""LifeCycle"",""replicaId"":""132082815645730675"",""targetReplicaId"":""132082815953541484"",""Tid"":""384"",""Pid"":""1456"",""startingLogRecordPosition"":""160"",""endingLogRecordPosition"":""700""}",null,,,,AzureDiag_ETW,,,,,,PC,,,0.0.0.0,Washington,Virginia,United States,,IaaS,_v4fjuhiyd_1,2a946134-6ff9-4363-aa78-86b888c6c92e,acesimappinsights,ceb6d2cc-c6f9-4b13-a624-e062644a0a98,WAD2AI: 42.5.7.0,6c22713f-ac92-11e9-982e-3b91603e2f99,1
2019-07-22T15:06:46.3174556Z,EventName: BuildIdleReplicaCompleted Category: LifeCycle EventInstanceId 0b94bcab-bce6-41fd-a795-957b2f45b2f3 PartitionId 00000000-0000-0000-0000-000000005000 ReplicaId 132082815645730675 TargetReplicaId: 132082815953541484,1,trace,"{""EventId"":""16832"",""DeploymentName"":""68d24dec-0da7-42fe-84da-56ff36146b07"",""eventInstanceId"":""0b94bcab-bce6-41fd-a795-957b2f45b2f3"",""ProviderGuid"":""cbd93bc2-71e5-4566-b3a7-595d8eeca6e8"",""ProviderName"":""Microsoft-ServiceFabric"",""KeywordName"":""Default"",""partitionId"":""00000000-0000-0000-0000-000000005000"",""ActivityId"":""00000000-0000-0000-0000-000000000000"",""OpcodeName"":""Info"",""eventName"":""BuildIdleReplicaCompleted"",""TaskName"":""RE"",""category"":""LifeCycle"",""replicaId"":""132082815645730675"",""targetReplicaId"":""132082815953541484"",""Tid"":""1936"",""Pid"":""1456""}",null,,,,AzureDiag_ETW,,,,,,PC,,,0.0.0.0,Washington,Virginia,United States,,IaaS,_v4fjuhiyd_1,2a946134-6ff9-4363-aa78-86b888c6c92e,acesimappinsights,ceb6d2cc-c6f9-4b13-a624-e062644a0a98,WAD2AI: 42.5.7.0,6c227140-ac92-11e9-982e-3b91603e2f99,1
2019-07-22T15:06:46.3202205Z,EventName: BuildIdleReplicaCompleted Category: LifeCycle EventInstanceId 5804e305-9d32-46b6-b48c-8983a50d9b10 PartitionId 00000000-0000-0000-0000-000000009000 ReplicaId 132082815645730675 TargetReplicaId: 132082815950416396,1,trace,"{""EventId"":""16832"",""DeploymentName"":""68d24dec-0da7-42fe-84da-56ff36146b07"",""eventInstanceId"":""5804e305-9d32-46b6-b48c-8983a50d9b10"",""ProviderGuid"":""cbd93bc2-71e5-4566-b3a7-595d8eeca6e8"",""ProviderName"":""Microsoft-ServiceFabric"",""KeywordName"":""Default"",""partitionId"":""00000000-0000-0000-0000-000000009000"",""ActivityId"":""00000000-0000-0000-0000-000000000000"",""OpcodeName"":""Info"",""eventName"":""BuildIdleReplicaCompleted"",""TaskName"":""RE"",""category"":""LifeCycle"",""replicaId"":""132082815645730675"",""targetReplicaId"":""132082815950416396"",""Tid"":""3176"",""Pid"":""2136""}",null,,,,AzureDiag_ETW,,,,,,PC,,,0.0.0.0,Washington,Virginia,United States,,IaaS,_v4fjuhiyd_1,2a946134-6ff9-4363-aa78-86b888c6c92e,acesimappinsights,ceb6d2cc-c6f9-4b13-a624-e062644a0a98,WAD2AI: 42.5.7.0,6c227141-ac92-11e9-982e-3b91603e2f99,1
2019-07-22T15:06:47.3514908Z,EventName: BuildIdleReplicaStarted Category: LifeCycle EventInstanceId 54bba6ec-7f60-4224-a1d5-7e6b4b7f3946 PartitionId 00000000-0000-0000-0000-000000005000 ReplicaId 132082815645730675 TargetReplicaId: 132082815953541483,1,trace,"{""EventId"":""16831"",""DeploymentName"":""68d24dec-0da7-42fe-84da-56ff36146b07"",""eventInstanceId"":""54bba6ec-7f60-4224-a1d5-7e6b4b7f3946"",""ProviderGuid"":""cbd93bc2-71e5-4566-b3a7-595d8eeca6e8"",""ProviderName"":""Microsoft-ServiceFabric"",""KeywordName"":""Default"",""partitionId"":""00000000-0000-0000-0000-000000005000"",""ActivityId"":""00000000-0000-0000-0000-000000000000"",""OpcodeName"":""Info"",""eventName"":""BuildIdleReplicaStarted"",""TaskName"":""RE"",""category"":""LifeCycle"",""replicaId"":""132082815645730675"",""targetReplicaId"":""132082815953541483"",""Tid"":""384"",""Pid"":""1456""}",null,,,,AzureDiag_ETW,,,,,,PC,,,0.0.0.0,Washington,Virginia,United States,,IaaS,_v4fjuhiyd_1,2a946134-6ff9-4363-aa78-86b888c6c92e,acesimappinsights,ceb6d2cc-c6f9-4b13-a624-e062644a0a98,WAD2AI: 42.5.7.0,6c227142-ac92-11e9-982e-3b91603e2f99,1
2019-07-22T15:06:47.3526083Z,EventName: BuildIdleReplicaStarted Category: LifeCycle EventInstanceId 4f67d540-36c0-4b59-8c35-6499ac9fb7fe PartitionId 00000000-0000-0000-0000-000000009000 ReplicaId 132082815645730675 TargetReplicaId: 132082815950416395,1,trace,"{""EventId"":""16831"",""DeploymentName"":""68d24dec-0da7-42fe-84da-56ff36146b07"",""eventInstanceId"":""4f67d540-36c0-4b59-8c35-6499ac9fb7fe"",""ProviderGuid"":""cbd93bc2-71e5-4566-b3a7-595d8eeca6e8"",""ProviderName"":""Microsoft-ServiceFabric"",""KeywordName"":""Default"",""partitionId"":""00000000-0000-0000-0000-000000009000"",""ActivityId"":""00000000-0000-0000-0000-000000000000"",""OpcodeName"":""Info"",""eventName"":""BuildIdleReplicaStarted"",""TaskName"":""RE"",""category"":""LifeCycle"",""replicaId"":""132082815645730675"",""targetReplicaId"":""132082815950416395"",""Tid"":""2564"",""Pid"":""2136""}",null,,,,AzureDiag_ETW,,,,,,PC,,,0.0.0.0,Washington,Virginia,United States,,IaaS,_v4fjuhiyd_1,2a946134-6ff9-4363-aa78-86b888c6c92e,acesimappinsights,ceb6d2cc-c6f9-4b13-a624-e062644a0a98,WAD2AI: 42.5.7.0,6c227143-ac92-11e9-982e-3b91603e2f99,1
2019-07-22T15:06:47.5021276Z,"EventName: PrimaryPartialCopyInitiated, Category: LifeCycle, Id: 00000000-0000-0000-0000-000000005000.132082815645730675, TargetReplicaId: 132082815953541483, StartingLogRecordPosition: 160, EndingLogRecordPosition: 700",1,trace,"{""EventId"":""63832"",""DeploymentName"":""68d24dec-0da7-42fe-84da-56ff36146b07"",""eventInstanceId"":""a691d1af-9394-42ca-a04f-b40ee7b32a99"",""ProviderGuid"":""cbd93bc2-71e5-4566-b3a7-595d8eeca6e8"",""ProviderName"":""Microsoft-ServiceFabric"",""KeywordName"":""Default"",""partitionId"":""00000000-0000-0000-0000-000000005000"",""ActivityId"":""00000000-0000-0000-0000-000000000000"",""OpcodeName"":""Info"",""eventName"":""PrimaryPartialCopyInitiated"",""TaskName"":""TReplicator"",""category"":""LifeCycle"",""replicaId"":""132082815645730675"",""targetReplicaId"":""132082815953541483"",""Tid"":""384"",""Pid"":""1456"",""startingLogRecordPosition"":""160"",""endingLogRecordPosition"":""700""}",null,,,,AzureDiag_ETW,,,,,,PC,,,0.0.0.0,Washington,Virginia,United States,,IaaS,_v4fjuhiyd_1,2a946134-6ff9-4363-aa78-86b888c6c92e,acesimappinsights,ceb6d2cc-c6f9-4b13-a624-e062644a0a98,WAD2AI: 42.5.7.0,6c227144-ac92-11e9-982e-3b91603e2f99,1
2019-07-22T15:06:47.5845863Z,"EventName: PrimaryPartialCopyInitiated, Category: LifeCycle, Id: 00000000-0000-0000-0000-000000009000.132082815645730675, TargetReplicaId: 132082815950416395, StartingLogRecordPosition: 160, EndingLogRecordPosition: 700",1,trace,"{""EventId"":""63832"",""DeploymentName"":""68d24dec-0da7-42fe-84da-56ff36146b07"",""eventInstanceId"":""a10cfba7-9dc3-49d0-a052-ec0ca56ba6d5"",""ProviderGuid"":""cbd93bc2-71e5-4566-b3a7-595d8eeca6e8"",""ProviderName"":""Microsoft-ServiceFabric"",""KeywordName"":""Default"",""partitionId"":""00000000-0000-0000-0000-000000009000"",""ActivityId"":""00000000-0000-0000-0000-000000000000"",""OpcodeName"":""Info"",""eventName"":""PrimaryPartialCopyInitiated"",""TaskName"":""TReplicator"",""category"":""LifeCycle"",""replicaId"":""132082815645730675"",""targetReplicaId"":""132082815950416395"",""Tid"":""2564"",""Pid"":""2136"",""startingLogRecordPosition"":""160"",""endingLogRecordPosition"":""700""}",null,,,,AzureDiag_ETW,,,,,,PC,,,0.0.0.0,Washington,Virginia,United States,,IaaS,_v4fjuhiyd_1,2a946134-6ff9-4363-aa78-86b888c6c92e,acesimappinsights,ceb6d2cc-c6f9-4b13-a624-e062644a0a98,WAD2AI: 42.5.7.0,6c227145-ac92-11e9-982e-3b91603e2f99,1
2019-07-22T15:06:47.908884Z,EventName: BuildIdleReplicaCompleted Category: LifeCycle EventInstanceId 6da6b0a8-e9a7-4b32-9868-114be9ab4acf PartitionId 00000000-0000-0000-0000-000000005000 ReplicaId 132082815645730675 TargetReplicaId: 132082815953541483,1,trace,"{""EventId"":""16832"",""DeploymentName"":""68d24dec-0da7-42fe-84da-56ff36146b07"",""eventInstanceId"":""6da6b0a8-e9a7-4b32-9868-114be9ab4acf"",""ProviderGuid"":""cbd93bc2-71e5-4566-b3a7-595d8eeca6e8"",""ProviderName"":""Microsoft-ServiceFabric"",""KeywordName"":""Default"",""partitionId"":""00000000-0000-0000-0000-000000005000"",""ActivityId"":""00000000-0000-0000-0000-000000000000"",""OpcodeName"":""Info"",""eventName"":""BuildIdleReplicaCompleted"",""TaskName"":""RE"",""category"":""LifeCycle"",""replicaId"":""132082815645730675"",""targetReplicaId"":""132082815953541483"",""Tid"":""384"",""Pid"":""1456""}",null,,,,AzureDiag_ETW,,,,,,PC,,,0.0.0.0,Washington,Virginia,United States,,IaaS,_v4fjuhiyd_1,2a946134-6ff9-4363-aa78-86b888c6c92e,acesimappinsights,ceb6d2cc-c6f9-4b13-a624-e062644a0a98,WAD2AI: 42.5.7.0,6c227146-ac92-11e9-982e-3b91603e2f99,1
2019-07-22T15:06:47.9601465Z,EventName: BuildIdleReplicaCompleted Category: LifeCycle EventInstanceId a65c3710-155a-4137-add0-78f94c07a6e8 PartitionId 00000000-0000-0000-0000-000000009000 ReplicaId 132082815645730675 TargetReplicaId: 132082815950416395,1,trace,"{""EventId"":""16832"",""DeploymentName"":""68d24dec-0da7-42fe-84da-56ff36146b07"",""eventInstanceId"":""a65c3710-155a-4137-add0-78f94c07a6e8"",""ProviderGuid"":""cbd93bc2-71e5-4566-b3a7-595d8eeca6e8"",""ProviderName"":""Microsoft-ServiceFabric"",""KeywordName"":""Default"",""partitionId"":""00000000-0000-0000-0000-000000009000"",""ActivityId"":""00000000-0000-0000-0000-000000000000"",""OpcodeName"":""Info"",""eventName"":""BuildIdleReplicaCompleted"",""TaskName"":""RE"",""category"":""LifeCycle"",""replicaId"":""132082815645730675"",""targetReplicaId"":""132082815950416395"",""Tid"":""2564"",""Pid"":""2136""}",null,,,,AzureDiag_ETW,,,,,,PC,,,0.0.0.0,Washington,Virginia,United States,,IaaS,_v4fjuhiyd_1,2a946134-6ff9-4363-aa78-86b888c6c92e,acesimappinsights,ceb6d2cc-c6f9-4b13-a624-e062644a0a98,WAD2AI: 42.5.7.0,6c227147-ac92-11e9-982e-3b91603e2f99,1
2019-07-22T15:06:48.0170001Z,EventName: BuildIdleReplicaCompleted Category: LifeCycle EventInstanceId a767df42-6ba2-45c1-8ad1-ff72d59168e9 PartitionId 00000000-0000-0000-0000-000000003000 ReplicaId 132082815645730675 TargetReplicaId: 132082815936231756,1,trace,"{""EventId"":""16832"",""DeploymentName"":""68d24dec-0da7-42fe-84da-56ff36146b07"",""eventInstanceId"":""a767df42-6ba2-45c1-8ad1-ff72d59168e9"",""ProviderGuid"":""cbd93bc2-71e5-4566-b3a7-595d8eeca6e8"",""ProviderName"":""Microsoft-ServiceFabric"",""KeywordName"":""Default"",""partitionId"":""00000000-0000-0000-0000-000000003000"",""ActivityId"":""00000000-0000-0000-0000-000000000000"",""OpcodeName"":""Info"",""eventName"":""BuildIdleReplicaCompleted"",""TaskName"":""RE"",""category"":""LifeCycle"",""replicaId"":""132082815645730675"",""targetReplicaId"":""132082815936231756"",""Tid"":""3716"",""Pid"":""3732""}",null,,,,AzureDiag_ETW,,,,,,PC,,,0.0.0.0,Washington,Virginia,United States,,IaaS,_v4fjuhiyd_1,2a946134-6ff9-4363-aa78-86b888c6c92e,acesimappinsights,ceb6d2cc-c6f9-4b13-a624-e062644a0a98,WAD2AI: 42.5.7.0,6c227148-ac92-11e9-982e-3b91603e2f99,1
2019-07-22T15:06:48.7289938Z,"RunAsync has been invoked for a stateful service replica.  Application Type Name: __fabricSystem, Application Name: fabric:/System, Service Type Name: FaultAnalysisServiceType, Service Name: fabric:/System/FaultAnalysisService, Partition Id: 00000000-0000-0000-0000-000000005000, Replica Id: 132082815645730675",1,trace,"{""EventId"":""1"",""DeploymentName"":""68d24dec-0da7-42fe-84da-56ff36146b07"",""ProviderGuid"":""13c2a97d-71da-5ab5-47cb-1497aec602e1"",""ProviderName"":""Microsoft-ServiceFabric-Services"",""KeywordName"":""Session3;Session2;Session1;Session0"",""partitionId"":""00000000-0000-0000-0000-000000005000"",""ActivityId"":""00000000-0000-0000-0000-000000000000"",""TaskName"":""StatefulRunAsyncInvocation"",""replicaId"":""132082815645730675"",""Tid"":""4528"",""Pid"":""1456"",""applicationName"":""fabric:/System"",""applicationTypeName"":""__fabricSystem"",""serviceTypeName"":""FaultAnalysisServiceType"",""serviceName"":""fabric:/System/FaultAnalysisService"",""RelatedActivityId"":""00000000-0000-0000-0000-000000000000""}",null,,,,AzureDiag_ETW,,,,,,PC,,,0.0.0.0,Washington,Virginia,United States,,IaaS,_v4fjuhiyd_1,2a946134-6ff9-4363-aa78-86b888c6c92e,acesimappinsights,ceb6d2cc-c6f9-4b13-a624-e062644a0a98,WAD2AI: 42.5.7.0,6c227149-ac92-11e9-982e-3b91603e2f99,1
2019-07-22T15:06:48.9348902Z,"RunAsync has been invoked for a stateful service replica.  Application Type Name: __fabricSystem, Application Name: fabric:/System, Service Type Name: EventStoreServiceType, Service Name: fabric:/System/EventStoreService, Partition Id: 00000000-0000-0000-0000-000000009000, Replica Id: 132082815645730675",1,trace,"{""EventId"":""1"",""DeploymentName"":""68d24dec-0da7-42fe-84da-56ff36146b07"",""ProviderGuid"":""13c2a97d-71da-5ab5-47cb-1497aec602e1"",""ProviderName"":""Microsoft-ServiceFabric-Services"",""KeywordName"":""Session3;Session2;Session1;Session0"",""partitionId"":""00000000-0000-0000-0000-000000009000"",""ActivityId"":""00000000-0000-0000-0000-000000000000"",""TaskName"":""StatefulRunAsyncInvocation"",""replicaId"":""132082815645730675"",""Tid"":""4424"",""Pid"":""2136"",""applicationName"":""fabric:/System"",""applicationTypeName"":""__fabricSystem"",""serviceTypeName"":""EventStoreServiceType"",""serviceName"":""fabric:/System/EventStoreService"",""RelatedActivityId"":""00000000-0000-0000-0000-000000000000""}",null,,,,AzureDiag_ETW,,,,,,PC,,,0.0.0.0,Washington,Virginia,United States,,IaaS,_v4fjuhiyd_1,2a946134-6ff9-4363-aa78-86b888c6c92e,acesimappinsights,ceb6d2cc-c6f9-4b13-a624-e062644a0a98,WAD2AI: 42.5.7.0,6c22714a-ac92-11e9-982e-3b91603e2f99,1
2019-07-22T15:06:49.4576445Z,"EventName: ReliableDictionaryOpened, Category: LifeCycle, Id: 00000000-0000-0000-0000-000000005000@132082815645730675@urn:ActionTable/dataStore@132082816088228601",1,trace,"{""EventId"":""61701"",""DeploymentName"":""68d24dec-0da7-42fe-84da-56ff36146b07"",""eventInstanceId"":""0be9529a-5ccc-42cf-8802-a49249a46430"",""ProviderGuid"":""cbd93bc2-71e5-4566-b3a7-595d8eeca6e8"",""ProviderName"":""Microsoft-ServiceFabric"",""KeywordName"":""Default"",""partitionId"":""00000000-0000-0000-0000-000000005000"",""ActivityId"":""00000000-0000-0000-0000-000000000000"",""OpcodeName"":""Info"",""eventName"":""ReliableDictionaryOpened"",""TaskName"":""DistributedDictionary"",""category"":""LifeCycle"",""replicaId"":""132082815645730675"",""stateProviderName"":""urn:ActionTable/dataStore"",""stateProviderId"":""132082816088228601"",""Tid"":""4528"",""Pid"":""1456""}",null,,,,AzureDiag_ETW,,,,,,PC,,,0.0.0.0,Washington,Virginia,United States,,IaaS,_v4fjuhiyd_1,2a946134-6ff9-4363-aa78-86b888c6c92e,acesimappinsights,ceb6d2cc-c6f9-4b13-a624-e062644a0a98,WAD2AI: 42.5.7.0,6c22714b-ac92-11e9-982e-3b91603e2f99,1
2019-07-22T15:06:49.5223877Z,"EventName: ReliableDictionaryCheckpointRecovered, Category: LifeCycle, Id: 00000000-0000-0000-0000-000000005000@132082815645730675@urn:ActionTable/dataStore@132082816088228601, RecoveredCount: 0, CheckpointLSN: 0, TimeTaken: 52ms",1,trace,"{""EventId"":""61703"",""DeploymentName"":""68d24dec-0da7-42fe-84da-56ff36146b07"",""eventInstanceId"":""0579ce71-df2f-4d83-b432-105df62d713f"",""ProviderGuid"":""cbd93bc2-71e5-4566-b3a7-595d8eeca6e8"",""ProviderName"":""Microsoft-ServiceFabric"",""KeywordName"":""Default"",""partitionId"":""00000000-0000-0000-0000-000000005000"",""ActivityId"":""00000000-0000-0000-0000-000000000000"",""OpcodeName"":""Info"",""eventName"":""ReliableDictionaryCheckpointRecovered"",""TaskName"":""DistributedDictionary"",""category"":""LifeCycle"",""replicaId"":""132082815645730675"",""stateProviderName"":""urn:ActionTable/dataStore"",""stateProviderId"":""132082816088228601"",""Tid"":""4432"",""Pid"":""1456"",""elapsedMilliseconds"":""52"",""recoveredCount"":""0"",""checkpointLsn"":""0""}",null,,,,AzureDiag_ETW,,,,,,PC,,,0.0.0.0,Washington,Virginia,United States,,IaaS,_v4fjuhiyd_1,2a946134-6ff9-4363-aa78-86b888c6c92e,acesimappinsights,ceb6d2cc-c6f9-4b13-a624-e062644a0a98,WAD2AI: 42.5.7.0,6c22714c-ac92-11e9-982e-3b91603e2f99,1
2019-07-22T15:06:49.564213Z,"EventName: ReliableDictionaryOpened, Category: LifeCycle, Id: 00000000-0000-0000-0000-000000005000@132082815645730675@urn:HistoryTable/dataStore@132082816095299744",1,trace,"{""EventId"":""61701"",""DeploymentName"":""68d24dec-0da7-42fe-84da-56ff36146b07"",""eventInstanceId"":""8b9daa6c-492f-4cdb-9e51-5a8f589eaea0"",""ProviderGuid"":""cbd93bc2-71e5-4566-b3a7-595d8eeca6e8"",""ProviderName"":""Microsoft-ServiceFabric"",""KeywordName"":""Default"",""partitionId"":""00000000-0000-0000-0000-000000005000"",""ActivityId"":""00000000-0000-0000-0000-000000000000"",""OpcodeName"":""Info"",""eventName"":""ReliableDictionaryOpened"",""TaskName"":""DistributedDictionary"",""category"":""LifeCycle"",""replicaId"":""132082815645730675"",""stateProviderName"":""urn:HistoryTable/dataStore"",""stateProviderId"":""132082816095299744"",""Tid"":""4556"",""Pid"":""1456""}",null,,,,AzureDiag_ETW,,,,,,PC,,,0.0.0.0,Washington,Virginia,United States,,IaaS,_v4fjuhiyd_1,2a946134-6ff9-4363-aa78-86b888c6c92e,acesimappinsights,ceb6d2cc-c6f9-4b13-a624-e062644a0a98,WAD2AI: 42.5.7.0,6c22714d-ac92-11e9-982e-3b91603e2f99,1
2019-07-22T15:06:49.5681936Z,"EventName: ReliableDictionaryCheckpointRecovered, Category: LifeCycle, Id: 00000000-0000-0000-0000-000000005000@132082815645730675@urn:HistoryTable/dataStore@132082816095299744, RecoveredCount: 0, CheckpointLSN: 0, TimeTaken: 3ms",1,trace,"{""EventId"":""61703"",""DeploymentName"":""68d24dec-0da7-42fe-84da-56ff36146b07"",""eventInstanceId"":""fa41039e-9c7d-4d71-86f4-df235b23c579"",""ProviderGuid"":""cbd93bc2-71e5-4566-b3a7-595d8eeca6e8"",""ProviderName"":""Microsoft-ServiceFabric"",""KeywordName"":""Default"",""partitionId"":""00000000-0000-0000-0000-000000005000"",""ActivityId"":""00000000-0000-0000-0000-000000000000"",""OpcodeName"":""Info"",""eventName"":""ReliableDictionaryCheckpointRecovered"",""TaskName"":""DistributedDictionary"",""category"":""LifeCycle"",""replicaId"":""132082815645730675"",""stateProviderName"":""urn:HistoryTable/dataStore"",""stateProviderId"":""132082816095299744"",""Tid"":""4556"",""Pid"":""1456"",""elapsedMilliseconds"":""3"",""recoveredCount"":""0"",""checkpointLsn"":""0""}",null,,,,AzureDiag_ETW,,,,,,PC,,,0.0.0.0,Washington,Virginia,United States,,IaaS,_v4fjuhiyd_1,2a946134-6ff9-4363-aa78-86b888c6c92e,acesimappinsights,ceb6d2cc-c6f9-4b13-a624-e062644a0a98,WAD2AI: 42.5.7.0,6c22714e-ac92-11e9-982e-3b91603e2f99,1
2019-07-22T15:06:49.6338482Z,"EventName: ReliableDictionaryOpened, Category: LifeCycle, Id: 00000000-0000-0000-0000-000000005000@132082815645730675@urn:StoppedNodeTable/dataStore@132082816095784527",1,trace,"{""EventId"":""61701"",""DeploymentName"":""68d24dec-0da7-42fe-84da-56ff36146b07"",""eventInstanceId"":""e6de5f84-2676-4f61-acbb-9eb88448b9a6"",""ProviderGuid"":""cbd93bc2-71e5-4566-b3a7-595d8eeca6e8"",""ProviderName"":""Microsoft-ServiceFabric"",""KeywordName"":""Default"",""partitionId"":""00000000-0000-0000-0000-000000005000"",""ActivityId"":""00000000-0000-0000-0000-000000000000"",""OpcodeName"":""Info"",""eventName"":""ReliableDictionaryOpened"",""TaskName"":""DistributedDictionary"",""category"":""LifeCycle"",""replicaId"":""132082815645730675"",""stateProviderName"":""urn:StoppedNodeTable/dataStore"",""stateProviderId"":""132082816095784527"",""Tid"":""4460"",""Pid"":""1456""}",null,,,,AzureDiag_ETW,,,,,,PC,,,0.0.0.0,Washington,Virginia,United States,,IaaS,_v4fjuhiyd_1,2a946134-6ff9-4363-aa78-86b888c6c92e,acesimappinsights,ceb6d2cc-c6f9-4b13-a624-e062644a0a98,WAD2AI: 42.5.7.0,6c22714f-ac92-11e9-982e-3b91603e2f99,1
2019-07-22T15:06:49.6635599Z,"EventName: ReliableDictionaryCheckpointRecovered, Category: LifeCycle, Id: 00000000-0000-0000-0000-000000005000@132082815645730675@urn:StoppedNodeTable/dataStore@132082816095784527, RecoveredCount: 0, CheckpointLSN: 0, TimeTaken: 19ms",1,trace,"{""EventId"":""61703"",""DeploymentName"":""68d24dec-0da7-42fe-84da-56ff36146b07"",""eventInstanceId"":""08bda622-91f5-4d9a-abf2-6a4289b670ff"",""ProviderGuid"":""cbd93bc2-71e5-4566-b3a7-595d8eeca6e8"",""ProviderName"":""Microsoft-ServiceFabric"",""KeywordName"":""Default"",""partitionId"":""00000000-0000-0000-0000-000000005000"",""ActivityId"":""00000000-0000-0000-0000-000000000000"",""OpcodeName"":""Info"",""eventName"":""ReliableDictionaryCheckpointRecovered"",""TaskName"":""DistributedDictionary"",""category"":""LifeCycle"",""replicaId"":""132082815645730675"",""stateProviderName"":""urn:StoppedNodeTable/dataStore"",""stateProviderId"":""132082816095784527"",""Tid"":""4432"",""Pid"":""1456"",""elapsedMilliseconds"":""19"",""recoveredCount"":""0"",""checkpointLsn"":""0""}",null,,,,AzureDiag_ETW,,,,,,PC,,,0.0.0.0,Washington,Virginia,United States,,IaaS,_v4fjuhiyd_1,2a946134-6ff9-4363-aa78-86b888c6c92e,acesimappinsights,ceb6d2cc-c6f9-4b13-a624-e062644a0a98,WAD2AI: 42.5.7.0,6c227150-ac92-11e9-982e-3b91603e2f99,1
2019-07-22T15:06:50.2708418Z,"EventName: ReliableDictionaryOpened, Category: LifeCycle, Id: 00000000-0000-0000-0000-000000005000@132082815645730675@urn:ChaosSchedulerStateName/dataStore@132082816098886984",1,trace,"{""EventId"":""61701"",""DeploymentName"":""68d24dec-0da7-42fe-84da-56ff36146b07"",""eventInstanceId"":""05243677-12df-48aa-b8d8-27b7f80e1b72"",""ProviderGuid"":""cbd93bc2-71e5-4566-b3a7-595d8eeca6e8"",""ProviderName"":""Microsoft-ServiceFabric"",""KeywordName"":""Default"",""partitionId"":""00000000-0000-0000-0000-000000005000"",""ActivityId"":""00000000-0000-0000-0000-000000000000"",""OpcodeName"":""Info"",""eventName"":""ReliableDictionaryOpened"",""TaskName"":""DistributedDictionary"",""category"":""LifeCycle"",""replicaId"":""132082815645730675"",""stateProviderName"":""urn:ChaosSchedulerStateName/dataStore"",""stateProviderId"":""132082816098886984"",""Tid"":""4556"",""Pid"":""1456""}",null,,,,AzureDiag_ETW,,,,,,PC,,,0.0.0.0,Washington,Virginia,United States,,IaaS,_v4fjuhiyd_1,2a946134-6ff9-4363-aa78-86b888c6c92e,acesimappinsights,ceb6d2cc-c6f9-4b13-a624-e062644a0a98,WAD2AI: 42.5.7.0,6c227151-ac92-11e9-982e-3b91603e2f99,1
2019-07-22T15:06:50.30118Z,"EventName: ReliableDictionaryCheckpointRecovered, Category: LifeCycle, Id: 00000000-0000-0000-0000-000000005000@132082815645730675@urn:ChaosSchedulerStateName/dataStore@132082816098886984, RecoveredCount: 0, CheckpointLSN: 0, TimeTaken: 21ms",1,trace,"{""EventId"":""61703"",""DeploymentName"":""68d24dec-0da7-42fe-84da-56ff36146b07"",""eventInstanceId"":""992c4af5-ffbf-4b28-8588-ab5dead09309"",""ProviderGuid"":""cbd93bc2-71e5-4566-b3a7-595d8eeca6e8"",""ProviderName"":""Microsoft-ServiceFabric"",""KeywordName"":""Default"",""partitionId"":""00000000-0000-0000-0000-000000005000"",""ActivityId"":""00000000-0000-0000-0000-000000000000"",""OpcodeName"":""Info"",""eventName"":""ReliableDictionaryCheckpointRecovered"",""TaskName"":""DistributedDictionary"",""category"":""LifeCycle"",""replicaId"":""132082815645730675"",""stateProviderName"":""urn:ChaosSchedulerStateName/dataStore"",""stateProviderId"":""132082816098886984"",""Tid"":""4432"",""Pid"":""1456"",""elapsedMilliseconds"":""21"",""recoveredCount"":""0"",""checkpointLsn"":""0""}",null,,,,AzureDiag_ETW,,,,,,PC,,,0.0.0.0,Washington,Virginia,United States,,IaaS,_v4fjuhiyd_1,2a946134-6ff9-4363-aa78-86b888c6c92e,acesimappinsights,ceb6d2cc-c6f9-4b13-a624-e062644a0a98,WAD2AI: 42.5.7.0,6c227152-ac92-11e9-982e-3b91603e2f99,1
2019-07-22T15:06:50.4886294Z,EventName: PartitionReconfigured Category: StateTransition EventInstanceId: 50212285-b35b-473d-85ac-9f083ead5363. RA on node _v4fjuhiyd_1(c0dc7678ee7fb9585726f3de66cc5dbc) completed reconfiguration. PartitionId = 00000000-0000-0000-0000-000000005000. ServiceType = FaultAnalysisServiceType. Epoch = 132082815337439219:8589934595. ReconfigurationType = 0. Result = 1. Phase0Duration: 0.000000ms. Phase1Duration: 0.000000ms. Phase2Duration: 414.676700ms. Phase3Duration: 0.005100ms. Phase4Duration: 1556.603700ms. TotalDuration: 1971.285500ms.,1,trace,"{""EventId"":""18940"",""DeploymentName"":""68d24dec-0da7-42fe-84da-56ff36146b07"",""eventInstanceId"":""50212285-b35b-473d-85ac-9f083ead5363"",""ProviderGuid"":""cbd93bc2-71e5-4566-b3a7-595d8eeca6e8"",""ProviderName"":""Microsoft-ServiceFabric"",""KeywordName"":""Default"",""partitionId"":""00000000-0000-0000-0000-000000005000"",""ActivityId"":""00000000-0000-0000-0000-000000000000"",""OpcodeName"":""Info"",""eventName"":""PartitionReconfigured"",""TaskName"":""RA"",""category"":""StateTransition"",""Tid"":""2148"",""Pid"":""3888"",""ccEpoch_dataLossVersion"":""132082815337439219"",""ccEpoch_configVersion"":""8589934595"",""phase4DurationMs"":""1556.603700"",""phase3DurationMs"":""0.005100"",""phase2DurationMs"":""414.676700"",""phase1DurationMs"":""0.000000"",""phase0DurationMs"":""0.000000"",""totalDurationMs"":""1971.285500"",""nodeInstance_id"":""c0dc7678ee7fb9585726f3de66cc5dbc"",""reconfigType"":""0"",""serviceType"":""FaultAnalysisServiceType"",""nodeName"":""_v4fjuhiyd_1"",""result"":""1""}",null,,,,AzureDiag_ETW,,,,,,PC,,,0.0.0.0,Washington,Virginia,United States,,IaaS,_v4fjuhiyd_1,2a946134-6ff9-4363-aa78-86b888c6c92e,acesimappinsights,ceb6d2cc-c6f9-4b13-a624-e062644a0a98,WAD2AI: 42.5.7.0,6c227153-ac92-11e9-982e-3b91603e2f99,1
2019-07-22T15:06:50.488879Z,EventName: PartitionReconfigured Category: StateTransition EventInstanceId: d599b0ee-4b7d-4d0b-9aef-025a9fb6678b. RA on node _v4fjuhiyd_1(c0dc7678ee7fb9585726f3de66cc5dbc) completed reconfiguration. PartitionId = 00000000-0000-0000-0000-000000009000. ServiceType = EventStoreServiceType. Epoch = 132082815339544632:8589934595. ReconfigurationType = 0. Result = 1. Phase0Duration: 0.000000ms. Phase1Duration: 0.000000ms. Phase2Duration: 414.253600ms. Phase3Duration: 0.002100ms. Phase4Duration: 1667.744200ms. TotalDuration: 2081.999900ms.,1,trace,"{""EventId"":""18940"",""DeploymentName"":""68d24dec-0da7-42fe-84da-56ff36146b07"",""eventInstanceId"":""d599b0ee-4b7d-4d0b-9aef-025a9fb6678b"",""ProviderGuid"":""cbd93bc2-71e5-4566-b3a7-595d8eeca6e8"",""ProviderName"":""Microsoft-ServiceFabric"",""KeywordName"":""Default"",""partitionId"":""00000000-0000-0000-0000-000000009000"",""ActivityId"":""00000000-0000-0000-0000-000000000000"",""OpcodeName"":""Info"",""eventName"":""PartitionReconfigured"",""TaskName"":""RA"",""category"":""StateTransition"",""Tid"":""2148"",""Pid"":""3888"",""ccEpoch_dataLossVersion"":""132082815339544632"",""ccEpoch_configVersion"":""8589934595"",""phase4DurationMs"":""1667.744200"",""phase3DurationMs"":""0.002100"",""phase2DurationMs"":""414.253600"",""phase1DurationMs"":""0.000000"",""phase0DurationMs"":""0.000000"",""totalDurationMs"":""2081.999900"",""nodeInstance_id"":""c0dc7678ee7fb9585726f3de66cc5dbc"",""reconfigType"":""0"",""serviceType"":""EventStoreServiceType"",""nodeName"":""_v4fjuhiyd_1"",""result"":""1""}",null,,,,AzureDiag_ETW,,,,,,PC,,,0.0.0.0,Washington,Virginia,United States,,IaaS,_v4fjuhiyd_1,2a946134-6ff9-4363-aa78-86b888c6c92e,acesimappinsights,ceb6d2cc-c6f9-4b13-a624-e062644a0a98,WAD2AI: 42.5.7.0,6c227154-ac92-11e9-982e-3b91603e2f99,1
2019-07-22T15:06:50.4890185Z,EventName: PartitionReconfigured Category: StateTransition EventInstanceId: 6d1dbf68-8228-4a48-8c12-a8315819d22b. RA on node _v4fjuhiyd_1(c0dc7678ee7fb9585726f3de66cc5dbc) completed reconfiguration. PartitionId = 00000000-0000-0000-0000-000000003000. ServiceType = FileStoreServiceType. Epoch = 132082815339544632:8589934595. ReconfigurationType = 0. Result = 1. Phase0Duration: 0.000000ms. Phase1Duration: 0.000000ms. Phase2Duration: 414.244700ms. Phase3Duration: 0.001900ms. Phase4Duration: 1668.304400ms. TotalDuration: 2082.551000ms.,1,trace,"{""EventId"":""18940"",""DeploymentName"":""68d24dec-0da7-42fe-84da-56ff36146b07"",""eventInstanceId"":""6d1dbf68-8228-4a48-8c12-a8315819d22b"",""ProviderGuid"":""cbd93bc2-71e5-4566-b3a7-595d8eeca6e8"",""ProviderName"":""Microsoft-ServiceFabric"",""KeywordName"":""Default"",""partitionId"":""00000000-0000-0000-0000-000000003000"",""ActivityId"":""00000000-0000-0000-0000-000000000000"",""OpcodeName"":""Info"",""eventName"":""PartitionReconfigured"",""TaskName"":""RA"",""category"":""StateTransition"",""Tid"":""2148"",""Pid"":""3888"",""ccEpoch_dataLossVersion"":""132082815339544632"",""ccEpoch_configVersion"":""8589934595"",""phase4DurationMs"":""1668.304400"",""phase3DurationMs"":""0.001900"",""phase2DurationMs"":""414.244700"",""phase1DurationMs"":""0.000000"",""phase0DurationMs"":""0.000000"",""totalDurationMs"":""2082.551000"",""nodeInstance_id"":""c0dc7678ee7fb9585726f3de66cc5dbc"",""reconfigType"":""0"",""serviceType"":""FileStoreServiceType"",""nodeName"":""_v4fjuhiyd_1"",""result"":""1""}",null,,,,AzureDiag_ETW,,,,,,PC,,,0.0.0.0,Washington,Virginia,United States,,IaaS,_v4fjuhiyd_1,2a946134-6ff9-4363-aa78-86b888c6c92e,acesimappinsights,ceb6d2cc-c6f9-4b13-a624-e062644a0a98,WAD2AI: 42.5.7.0,6c227155-ac92-11e9-982e-3b91603e2f99,1
2019-07-22T15:06:50.4914047Z,"EventName: ReliableDictionaryOpened, Category: LifeCycle, Id: 00000000-0000-0000-0000-000000005000@132082815645730675@urn:ChaosLastEventKeyDictionary/dataStore@132082816104686765",1,trace,"{""EventId"":""61701"",""DeploymentName"":""68d24dec-0da7-42fe-84da-56ff36146b07"",""eventInstanceId"":""db2c50fb-c825-47cd-afad-8d008e2c3c4d"",""ProviderGuid"":""cbd93bc2-71e5-4566-b3a7-595d8eeca6e8"",""ProviderName"":""Microsoft-ServiceFabric"",""KeywordName"":""Default"",""partitionId"":""00000000-0000-0000-0000-000000005000"",""ActivityId"":""00000000-0000-0000-0000-000000000000"",""OpcodeName"":""Info"",""eventName"":""ReliableDictionaryOpened"",""TaskName"":""DistributedDictionary"",""category"":""LifeCycle"",""replicaId"":""132082815645730675"",""stateProviderName"":""urn:ChaosLastEventKeyDictionary/dataStore"",""stateProviderId"":""132082816104686765"",""Tid"":""4528"",""Pid"":""1456""}",null,,,,AzureDiag_ETW,,,,,,PC,,,0.0.0.0,Washington,Virginia,United States,,IaaS,_v4fjuhiyd_1,2a946134-6ff9-4363-aa78-86b888c6c92e,acesimappinsights,ceb6d2cc-c6f9-4b13-a624-e062644a0a98,WAD2AI: 42.5.7.0,6c227156-ac92-11e9-982e-3b91603e2f99,1
2019-07-22T15:06:50.4984192Z,"EventName: ReliableDictionaryCheckpointRecovered, Category: LifeCycle, Id: 00000000-0000-0000-0000-000000005000@132082815645730675@urn:ChaosLastEventKeyDictionary/dataStore@132082816104686765, RecoveredCount: 0, CheckpointLSN: 0, TimeTaken: 6ms",1,trace,"{""EventId"":""61703"",""DeploymentName"":""68d24dec-0da7-42fe-84da-56ff36146b07"",""eventInstanceId"":""ae1c2637-3309-45ac-aca4-7027f55b85d3"",""ProviderGuid"":""cbd93bc2-71e5-4566-b3a7-595d8eeca6e8"",""ProviderName"":""Microsoft-ServiceFabric"",""KeywordName"":""Default"",""partitionId"":""00000000-0000-0000-0000-000000005000"",""ActivityId"":""00000000-0000-0000-0000-000000000000"",""OpcodeName"":""Info"",""eventName"":""ReliableDictionaryCheckpointRecovered"",""TaskName"":""DistributedDictionary"",""category"":""LifeCycle"",""replicaId"":""132082815645730675"",""stateProviderName"":""urn:ChaosLastEventKeyDictionary/dataStore"",""stateProviderId"":""132082816104686765"",""Tid"":""4528"",""Pid"":""1456"",""elapsedMilliseconds"":""6"",""recoveredCount"":""0"",""checkpointLsn"":""0""}",null,,,,AzureDiag_ETW,,,,,,PC,,,0.0.0.0,Washington,Virginia,United States,,IaaS,_v4fjuhiyd_1,2a946134-6ff9-4363-aa78-86b888c6c92e,acesimappinsights,ceb6d2cc-c6f9-4b13-a624-e062644a0a98,WAD2AI: 42.5.7.0,6c227157-ac92-11e9-982e-3b91603e2f99,1
2019-07-22T15:06:52.2564987Z,"EventName: ReliableDictionaryOpened, Category: LifeCycle, Id: 00000000-0000-0000-0000-000000005000@132082815953541484@urn:ActionTable/dataStore@132082816088228601",1,trace,"{""EventId"":""61701"",""DeploymentName"":""68d24dec-0da7-42fe-84da-56ff36146b07"",""eventInstanceId"":""d2614bcb-f0ff-4f3c-afae-c772ad9c9d90"",""ProviderGuid"":""cbd93bc2-71e5-4566-b3a7-595d8eeca6e8"",""ProviderName"":""Microsoft-ServiceFabric"",""KeywordName"":""Default"",""partitionId"":""00000000-0000-0000-0000-000000005000"",""ActivityId"":""00000000-0000-0000-0000-000000000000"",""OpcodeName"":""Info"",""eventName"":""ReliableDictionaryOpened"",""TaskName"":""DistributedDictionary"",""category"":""LifeCycle"",""replicaId"":""132082815953541484"",""stateProviderName"":""urn:ActionTable/dataStore"",""stateProviderId"":""132082816088228601"",""Tid"":""4476"",""Pid"":""2880""}",null,,,,AzureDiag_ETW,,,,,,PC,,,0.0.0.0,Washington,Virginia,United States,,IaaS,_v4fjuhiyd_0,2a946134-6ff9-4363-aa78-86b888c6c92e,acesimappinsights,ceb6d2cc-c6f9-4b13-a624-e062644a0a98,WAD2AI: 42.5.7.0,6bb334a3-ac92-11e9-97db-f91af0ef2768,1
2019-07-22T15:06:52.6379186Z,"EventName: ReliableDictionaryCheckpointRecovered, Category: LifeCycle, Id: 00000000-0000-0000-0000-000000005000@132082815953541484@urn:ActionTable/dataStore@132082816088228601, RecoveredCount: 0, CheckpointLSN: 0, TimeTaken: 369ms",1,trace,"{""EventId"":""61703"",""DeploymentName"":""68d24dec-0da7-42fe-84da-56ff36146b07"",""eventInstanceId"":""30d69047-4b65-45e2-961f-39e498a12fef"",""ProviderGuid"":""cbd93bc2-71e5-4566-b3a7-595d8eeca6e8"",""ProviderName"":""Microsoft-ServiceFabric"",""KeywordName"":""Default"",""partitionId"":""00000000-0000-0000-0000-000000005000"",""ActivityId"":""00000000-0000-0000-0000-000000000000"",""OpcodeName"":""Info"",""eventName"":""ReliableDictionaryCheckpointRecovered"",""TaskName"":""DistributedDictionary"",""category"":""LifeCycle"",""replicaId"":""132082815953541484"",""stateProviderName"":""urn:ActionTable/dataStore"",""stateProviderId"":""132082816088228601"",""Tid"":""4476"",""Pid"":""2880"",""elapsedMilliseconds"":""369"",""recoveredCount"":""0"",""checkpointLsn"":""0""}",null,,,,AzureDiag_ETW,,,,,,PC,,,0.0.0.0,Washington,Virginia,United States,,IaaS,_v4fjuhiyd_0,2a946134-6ff9-4363-aa78-86b888c6c92e,acesimappinsights,ceb6d2cc-c6f9-4b13-a624-e062644a0a98,WAD2AI: 42.5.7.0,6bb334a4-ac92-11e9-97db-f91af0ef2768,1
2019-07-22T15:06:52.6540046Z,"EventName: ReliableDictionaryOpened, Category: LifeCycle, Id: 00000000-0000-0000-0000-000000005000@132082815953541484@urn:HistoryTable/dataStore@132082816095299744",1,trace,"{""EventId"":""61701"",""DeploymentName"":""68d24dec-0da7-42fe-84da-56ff36146b07"",""eventInstanceId"":""21b69c27-5fba-44ac-a6f4-8ebe2e843d37"",""ProviderGuid"":""cbd93bc2-71e5-4566-b3a7-595d8eeca6e8"",""ProviderName"":""Microsoft-ServiceFabric"",""KeywordName"":""Default"",""partitionId"":""00000000-0000-0000-0000-000000005000"",""ActivityId"":""00000000-0000-0000-0000-000000000000"",""OpcodeName"":""Info"",""eventName"":""ReliableDictionaryOpened"",""TaskName"":""DistributedDictionary"",""category"":""LifeCycle"",""replicaId"":""132082815953541484"",""stateProviderName"":""urn:HistoryTable/dataStore"",""stateProviderId"":""132082816095299744"",""Tid"":""4476"",""Pid"":""2880""}",null,,,,AzureDiag_ETW,,,,,,PC,,,0.0.0.0,Washington,Virginia,United States,,IaaS,_v4fjuhiyd_0,2a946134-6ff9-4363-aa78-86b888c6c92e,acesimappinsights,ceb6d2cc-c6f9-4b13-a624-e062644a0a98,WAD2AI: 42.5.7.0,6bb334a5-ac92-11e9-97db-f91af0ef2768,1
2019-07-22T15:06:53.7888612Z,"EventName: ReliableDictionaryCheckpointRecovered, Category: LifeCycle, Id: 00000000-0000-0000-0000-000000005000@132082815953541484@urn:HistoryTable/dataStore@132082816095299744, RecoveredCount: 0, CheckpointLSN: 0, TimeTaken: 1134ms",1,trace,"{""EventId"":""61703"",""DeploymentName"":""68d24dec-0da7-42fe-84da-56ff36146b07"",""eventInstanceId"":""8fcbfe46-5ed9-443b-8c66-2cec6c1c4dd6"",""ProviderGuid"":""cbd93bc2-71e5-4566-b3a7-595d8eeca6e8"",""ProviderName"":""Microsoft-ServiceFabric"",""KeywordName"":""Default"",""partitionId"":""00000000-0000-0000-0000-000000005000"",""ActivityId"":""00000000-0000-0000-0000-000000000000"",""OpcodeName"":""Info"",""eventName"":""ReliableDictionaryCheckpointRecovered"",""TaskName"":""DistributedDictionary"",""category"":""LifeCycle"",""replicaId"":""132082815953541484"",""stateProviderName"":""urn:HistoryTable/dataStore"",""stateProviderId"":""132082816095299744"",""Tid"":""3180"",""Pid"":""2880"",""elapsedMilliseconds"":""1134"",""recoveredCount"":""0"",""checkpointLsn"":""0""}",null,,,,AzureDiag_ETW,,,,,,PC,,,0.0.0.0,Washington,Virginia,United States,,IaaS,_v4fjuhiyd_0,2a946134-6ff9-4363-aa78-86b888c6c92e,acesimappinsights,ceb6d2cc-c6f9-4b13-a624-e062644a0a98,WAD2AI: 42.5.7.0,6bb334a6-ac92-11e9-97db-f91af0ef2768,1
2019-07-22T15:06:53.8253627Z,"EventName: ReliableDictionaryOpened, Category: LifeCycle, Id: 00000000-0000-0000-0000-000000005000@132082815953541484@urn:StoppedNodeTable/dataStore@132082816095784527",1,trace,"{""EventId"":""61701"",""DeploymentName"":""68d24dec-0da7-42fe-84da-56ff36146b07"",""eventInstanceId"":""a5b88ac0-aa48-4244-b320-89eafb24dfd6"",""ProviderGuid"":""cbd93bc2-71e5-4566-b3a7-595d8eeca6e8"",""ProviderName"":""Microsoft-ServiceFabric"",""KeywordName"":""Default"",""partitionId"":""00000000-0000-0000-0000-000000005000"",""ActivityId"":""00000000-0000-0000-0000-000000000000"",""OpcodeName"":""Info"",""eventName"":""ReliableDictionaryOpened"",""TaskName"":""DistributedDictionary"",""category"":""LifeCycle"",""replicaId"":""132082815953541484"",""stateProviderName"":""urn:StoppedNodeTable/dataStore"",""stateProviderId"":""132082816095784527"",""Tid"":""3180"",""Pid"":""2880""}",null,,,,AzureDiag_ETW,,,,,,PC,,,0.0.0.0,Washington,Virginia,United States,,IaaS,_v4fjuhiyd_0,2a946134-6ff9-4363-aa78-86b888c6c92e,acesimappinsights,ceb6d2cc-c6f9-4b13-a624-e062644a0a98,WAD2AI: 42.5.7.0,6bb334a7-ac92-11e9-97db-f91af0ef2768,1
2019-07-22T15:06:54.2340993Z,"EventName: ReliableDictionaryCheckpointRecovered, Category: LifeCycle, Id: 00000000-0000-0000-0000-000000005000@132082815953541484@urn:StoppedNodeTable/dataStore@132082816095784527, RecoveredCount: 0, CheckpointLSN: 0, TimeTaken: 402ms",1,trace,"{""EventId"":""61703"",""DeploymentName"":""68d24dec-0da7-42fe-84da-56ff36146b07"",""eventInstanceId"":""b1570a5f-5285-468c-89bd-040ffa0105de"",""ProviderGuid"":""cbd93bc2-71e5-4566-b3a7-595d8eeca6e8"",""ProviderName"":""Microsoft-ServiceFabric"",""KeywordName"":""Default"",""partitionId"":""00000000-0000-0000-0000-000000005000"",""ActivityId"":""00000000-0000-0000-0000-000000000000"",""OpcodeName"":""Info"",""eventName"":""ReliableDictionaryCheckpointRecovered"",""TaskName"":""DistributedDictionary"",""category"":""LifeCycle"",""replicaId"":""132082815953541484"",""stateProviderName"":""urn:StoppedNodeTable/dataStore"",""stateProviderId"":""132082816095784527"",""Tid"":""3180"",""Pid"":""2880"",""elapsedMilliseconds"":""402"",""recoveredCount"":""0"",""checkpointLsn"":""0""}",null,,,,AzureDiag_ETW,,,,,,PC,,,0.0.0.0,Washington,Virginia,United States,,IaaS,_v4fjuhiyd_0,2a946134-6ff9-4363-aa78-86b888c6c92e,acesimappinsights,ceb6d2cc-c6f9-4b13-a624-e062644a0a98,WAD2AI: 42.5.7.0,6bb334a8-ac92-11e9-97db-f91af0ef2768,1
2019-07-22T15:06:54.2571329Z,"EventName: ReliableDictionaryOpened, Category: LifeCycle, Id: 00000000-0000-0000-0000-000000005000@132082815953541484@urn:ChaosSchedulerStateName/dataStore@132082816098886984",1,trace,"{""EventId"":""61701"",""DeploymentName"":""68d24dec-0da7-42fe-84da-56ff36146b07"",""eventInstanceId"":""e1aa213d-7991-48f3-ba33-c6a06c683bdb"",""ProviderGuid"":""cbd93bc2-71e5-4566-b3a7-595d8eeca6e8"",""ProviderName"":""Microsoft-ServiceFabric"",""KeywordName"":""Default"",""partitionId"":""00000000-0000-0000-0000-000000005000"",""ActivityId"":""00000000-0000-0000-0000-000000000000"",""OpcodeName"":""Info"",""eventName"":""ReliableDictionaryOpened"",""TaskName"":""DistributedDictionary"",""category"":""LifeCycle"",""replicaId"":""132082815953541484"",""stateProviderName"":""urn:ChaosSchedulerStateName/dataStore"",""stateProviderId"":""132082816098886984"",""Tid"":""3180"",""Pid"":""2880""}",null,,,,AzureDiag_ETW,,,,,,PC,,,0.0.0.0,Washington,Virginia,United States,,IaaS,_v4fjuhiyd_0,2a946134-6ff9-4363-aa78-86b888c6c92e,acesimappinsights,ceb6d2cc-c6f9-4b13-a624-e062644a0a98,WAD2AI: 42.5.7.0,6bb334a9-ac92-11e9-97db-f91af0ef2768,1
2019-07-22T15:06:54.5821424Z,"EventName: ReliableDictionaryCheckpointRecovered, Category: LifeCycle, Id: 00000000-0000-0000-0000-000000005000@132082815953541484@urn:ChaosSchedulerStateName/dataStore@132082816098886984, RecoveredCount: 0, CheckpointLSN: 0, TimeTaken: 318ms",1,trace,"{""EventId"":""61703"",""DeploymentName"":""68d24dec-0da7-42fe-84da-56ff36146b07"",""eventInstanceId"":""df7ed243-fde7-4496-84fe-869d4a612506"",""ProviderGuid"":""cbd93bc2-71e5-4566-b3a7-595d8eeca6e8"",""ProviderName"":""Microsoft-ServiceFabric"",""KeywordName"":""Default"",""partitionId"":""00000000-0000-0000-0000-000000005000"",""ActivityId"":""00000000-0000-0000-0000-000000000000"",""OpcodeName"":""Info"",""eventName"":""ReliableDictionaryCheckpointRecovered"",""TaskName"":""DistributedDictionary"",""category"":""LifeCycle"",""replicaId"":""132082815953541484"",""stateProviderName"":""urn:ChaosSchedulerStateName/dataStore"",""stateProviderId"":""132082816098886984"",""Tid"":""3180"",""Pid"":""2880"",""elapsedMilliseconds"":""318"",""recoveredCount"":""0"",""checkpointLsn"":""0""}",null,,,,AzureDiag_ETW,,,,,,PC,,,0.0.0.0,Washington,Virginia,United States,,IaaS,_v4fjuhiyd_0,2a946134-6ff9-4363-aa78-86b888c6c92e,acesimappinsights,ceb6d2cc-c6f9-4b13-a624-e062644a0a98,WAD2AI: 42.5.7.0,6bb334aa-ac92-11e9-97db-f91af0ef2768,1
2019-07-22T15:06:54.5842412Z,"EventName: ReliableDictionaryOpened, Category: LifeCycle, Id: 00000000-0000-0000-0000-000000005000@132082815953541484@urn:ChaosLastEventKeyDictionary/dataStore@132082816104686765",1,trace,"{""EventId"":""61701"",""DeploymentName"":""68d24dec-0da7-42fe-84da-56ff36146b07"",""eventInstanceId"":""fd9bd886-af16-454d-8979-b087773aa77f"",""ProviderGuid"":""cbd93bc2-71e5-4566-b3a7-595d8eeca6e8"",""ProviderName"":""Microsoft-ServiceFabric"",""KeywordName"":""Default"",""partitionId"":""00000000-0000-0000-0000-000000005000"",""ActivityId"":""00000000-0000-0000-0000-000000000000"",""OpcodeName"":""Info"",""eventName"":""ReliableDictionaryOpened"",""TaskName"":""DistributedDictionary"",""category"":""LifeCycle"",""replicaId"":""132082815953541484"",""stateProviderName"":""urn:ChaosLastEventKeyDictionary/dataStore"",""stateProviderId"":""132082816104686765"",""Tid"":""3180"",""Pid"":""2880""}",null,,,,AzureDiag_ETW,,,,,,PC,,,0.0.0.0,Washington,Virginia,United States,,IaaS,_v4fjuhiyd_0,2a946134-6ff9-4363-aa78-86b888c6c92e,acesimappinsights,ceb6d2cc-c6f9-4b13-a624-e062644a0a98,WAD2AI: 42.5.7.0,6bb334ab-ac92-11e9-97db-f91af0ef2768,1
2019-07-22T15:06:55.0018403Z,"EventName: ReliableDictionaryCheckpointRecovered, Category: LifeCycle, Id: 00000000-0000-0000-0000-000000005000@132082815953541484@urn:ChaosLastEventKeyDictionary/dataStore@132082816104686765, RecoveredCount: 0, CheckpointLSN: 0, TimeTaken: 417ms",1,trace,"{""EventId"":""61703"",""DeploymentName"":""68d24dec-0da7-42fe-84da-56ff36146b07"",""eventInstanceId"":""8a4d8868-9126-49d3-a57f-5979256a85c5"",""ProviderGuid"":""cbd93bc2-71e5-4566-b3a7-595d8eeca6e8"",""ProviderName"":""Microsoft-ServiceFabric"",""KeywordName"":""Default"",""partitionId"":""00000000-0000-0000-0000-000000005000"",""ActivityId"":""00000000-0000-0000-0000-000000000000"",""OpcodeName"":""Info"",""eventName"":""ReliableDictionaryCheckpointRecovered"",""TaskName"":""DistributedDictionary"",""category"":""LifeCycle"",""replicaId"":""132082815953541484"",""stateProviderName"":""urn:ChaosLastEventKeyDictionary/dataStore"",""stateProviderId"":""132082816104686765"",""Tid"":""3180"",""Pid"":""2880"",""elapsedMilliseconds"":""417"",""recoveredCount"":""0"",""checkpointLsn"":""0""}",null,,,,AzureDiag_ETW,,,,,,PC,,,0.0.0.0,Washington,Virginia,United States,,IaaS,_v4fjuhiyd_0,2a946134-6ff9-4363-aa78-86b888c6c92e,acesimappinsights,ceb6d2cc-c6f9-4b13-a624-e062644a0a98,WAD2AI: 42.5.7.0,6bb334ac-ac92-11e9-97db-f91af0ef2768,1
